date_dt,TWITTER_SENTIMENT_DAILY_AVG,TWITTER_PUBLICATION_COUNT,TWITTER_NEG_SENTIMENT_COUNT,TWITTER_POS_SENTIMENT_COUNT,TWITTER_SENTIMENT_DAILY_MAX,TWITTER_NEUTRAL_SENTIMENT_CNT,TWITTER_SENTIMENT_DAILY_MIN,NEWS_SENTIMENT_DAILY_AVG
2021-04-02,0.0032,10.0,1.0,1.0,0.1068,14.0,-0.1068,-0.6321
2021-04-03,0.0019,174.0,2.0,8.0,0.1068,169.0,-0.1068,0.0005
2021-04-04,0.0019,174.0,2.0,8.0,0.1068,169.0,-0.1068,0.0005
2021-04-05,0.0019,174.0,2.0,8.0,0.1068,169.0,-0.1068,0.0005
2021-04-06,0.0025,41.0,1.0,2.0,0.107,34.0,0.0,0.0
2021-04-07,0.0277,85.0,2.0,11.0,0.3479,69.0,-0.1068,0.0
2021-04-08,0.09,353.0,8.0,80.0,0.8619,247.0,-0.0863,0.1286
2021-04-09,0.09,353.0,8.0,80.0,0.8619,247.0,-0.0863,0.2548
2021-04-10,0.09,353.0,8.0,80.0,0.8619,247.0,-0.0863,0.8705
2021-04-11,0.09,353.0,8.0,80.0,0.8619,247.0,-0.0863,0.8705
2021-04-12,0.09,353.0,8.0,80.0,0.8619,247.0,-0.0863,0.8705
2021-04-13,0.09,353.0,8.0,80.0,0.8619,247.0,-0.0863,0.0047
2021-04-14,0.0331,1820.0,53.0,260.0,0.7954,1363.0,-0.0187,0.078
2021-04-15,0.0064,7425.0,241.0,544.0,0.1311,6209.0,-0.0053,0.0101
2021-04-16,-0.0073,27665.0,2092.0,1964.0,0.0867,22738.0,-0.0229,0.0903
2021-04-17,-0.0099,6715.0,563.0,563.0,0.2201,5262.0,-0.094,0.1233
2021-04-18,-0.0099,6715.0,563.0,563.0,0.2201,5262.0,-0.094,0.1233
2021-04-19,-0.0099,6715.0,563.0,563.0,0.2201,5262.0,-0.094,0.1233
2021-04-20,-0.0069,2046.0,152.0,125.0,0.052,1694.0,-0.1547,-0.1008
2021-04-21,-0.0074,1904.0,140.0,134.0,0.072,1512.0,-0.2915,-0.0462
2021-04-22,-0.0075,1988.0,149.0,138.0,0.1807,1606.0,-0.0597,-0.0079
2021-04-23,-0.0144,2245.0,223.0,187.0,0.1271,1736.0,-0.1157,-0.0118
2021-04-24,-0.0247,3845.0,495.0,270.0,0.4097,2999.0,-0.3809,-0.0843
2021-04-25,-0.0247,3845.0,495.0,270.0,0.4097,2999.0,-0.3809,-0.0843
2021-04-26,-0.0247,3845.0,495.0,270.0,0.4097,2999.0,-0.3809,-0.0843
2021-04-27,-0.0081,757.0,64.0,37.0,0.1918,629.0,-0.295,-0.0528
2021-04-28,0.0138,1013.0,53.0,103.0,0.229,792.0,-0.1061,0.0168
2021-04-29,0.0111,929.0,47.0,80.0,0.1747,742.0,-0.0818,0.0032
2021-04-30,0.0072,854.0,53.0,62.0,0.2546,696.0,-0.2033,-0.0035
2021-05-01,0.0057,845.0,50.0,63.0,0.2131,698.0,-0.0631,0.0047
2021-05-02,0.0057,845.0,50.0,63.0,0.2131,698.0,-0.0631,0.0047
2021-05-03,0.0057,845.0,50.0,63.0,0.2131,698.0,-0.0631,0.0047
2021-05-04,0.0082,390.0,19.0,28.0,0.2499,332.0,-0.1743,0.008
2021-05-05,-0.0049,873.0,57.0,49.0,0.1754,730.0,-0.1612,0.0336
2021-05-06,-0.0058,1596.0,108.0,105.0,0.1166,1339.0,-0.0868,-0.0224
2021-05-07,-0.0075,1875.0,146.0,130.0,0.1617,1565.0,-0.2918,-0.0067
2021-05-08,-0.0228,2434.0,309.0,140.0,0.1149,1922.0,-0.1958,-0.0526
2021-05-09,-0.0228,2434.0,309.0,140.0,0.1149,1922.0,-0.1958,-0.0526
2021-05-10,-0.0228,2434.0,309.0,140.0,0.1149,1922.0,-0.1958,-0.0526
2021-05-11,0.0048,902.0,44.0,55.0,0.1057,775.0,-0.1912,0.1201
2021-05-12,0.0153,1949.0,130.0,202.0,0.3428,1549.0,-0.3338,0.033
2021-05-13,0.013,1615.0,82.0,167.0,0.2259,1303.0,-0.2382,-0.037
2021-05-14,-0.0168,1853.0,200.0,129.0,0.1146,1430.0,-0.259,-0.1681
2021-05-15,0.0148,4514.0,390.0,452.0,0.2084,3534.0,-0.1172,0.0948
2021-05-16,0.0148,4514.0,390.0,452.0,0.2084,3534.0,-0.1172,0.0948
2021-05-17,0.0148,4514.0,390.0,452.0,0.2084,3534.0,-0.1172,0.0948
2021-05-18,-0.0217,820.0,88.0,46.0,0.287,663.0,-0.4411,0.0068
2021-05-19,-0.0251,2329.0,310.0,152.0,0.2849,1780.0,-0.2158,-0.3437
2021-05-20,-0.0306,2058.0,251.0,120.0,0.0954,1625.0,-0.2018,-0.0164
2021-05-21,-0.0668,4587.0,915.0,296.0,0.1144,3165.0,-0.2266,-0.4496
2021-05-22,0.0088,1660.0,128.0,137.0,0.1234,1285.0,-0.2056,0.109
2021-05-23,0.0088,1660.0,128.0,137.0,0.1234,1285.0,-0.2056,0.109
2021-05-24,0.0088,1660.0,128.0,137.0,0.1234,1285.0,-0.2056,0.109
2021-05-25,-0.026,897.0,117.0,69.0,0.5746,640.0,-0.2912,-0.0589
2021-05-26,0.0166,1294.0,72.0,145.0,0.522,940.0,-0.2304,0.0951
2021-05-27,0.0129,1421.0,85.0,138.0,0.0989,1073.0,-0.2091,0.0744
2021-05-28,0.0146,789.0,52.0,76.0,0.1484,576.0,-0.2081,0.0047
2021-05-29,-0.0084,733.0,52.0,46.0,0.2414,583.0,-0.2581,0.0293
2021-05-30,-0.0084,733.0,52.0,46.0,0.2414,583.0,-0.2581,0.0293
2021-05-31,-0.0084,733.0,52.0,46.0,0.2414,583.0,-0.2581,0.0293
2021-06-01,-0.006,258.0,17.0,11.0,0.1829,195.0,-0.3449,-0.0197
2021-06-02,0.0091,296.0,10.0,23.0,0.211,218.0,-0.114,0.0
2021-06-03,0.0115,1550.0,47.0,152.0,0.5237,1275.0,-0.0672,0.0194
2021-06-04,0.0104,1272.0,30.0,116.0,0.2294,1052.0,-0.021,0.0196
2021-06-05,-0.0031,1879.0,87.0,92.0,0.0554,1651.0,-0.1031,-0.0086
2021-06-06,-0.0031,1879.0,87.0,92.0,0.0554,1651.0,-0.1031,-0.0086
2021-06-07,-0.0031,1879.0,87.0,92.0,0.0554,1651.0,-0.1031,-0.0086
2021-06-08,0.0037,292.0,12.0,16.0,0.1549,225.0,-0.3364,0.0
2021-06-09,-0.0119,683.0,62.0,31.0,0.0942,551.0,-0.221,-0.0865
2021-06-10,-0.0211,1030.0,126.0,75.0,0.3502,766.0,-0.3725,-0.0394
2021-06-11,0.0142,984.0,72.0,89.0,0.2891,739.0,-0.2249,0.0404
2021-06-12,-0.0053,886.0,46.0,63.0,0.1207,708.0,-0.1542,0.0099
2021-06-13,-0.0053,886.0,46.0,63.0,0.1207,708.0,-0.1542,0.0099
2021-06-14,-0.0053,886.0,46.0,63.0,0.1207,708.0,-0.1542,0.0099
2021-06-15,0.0074,341.0,16.0,24.0,0.3671,269.0,-0.2028,0.1101
2021-06-16,0.0151,818.0,32.0,84.0,0.3445,631.0,-0.0995,0.1107
2021-06-17,0.0059,1073.0,50.0,70.0,0.0839,904.0,-0.1188,0.0055
2021-06-18,0.0034,929.0,44.0,58.0,0.2484,778.0,-0.0644,-0.0125
2021-06-19,-0.0049,657.0,40.0,32.0,0.1596,533.0,-0.1166,-0.0035
2021-06-20,-0.0049,657.0,40.0,32.0,0.1596,533.0,-0.1166,-0.0035
2021-06-21,-0.0049,657.0,40.0,32.0,0.1596,533.0,-0.1166,-0.0035
2021-06-22,-0.014,302.0,30.0,24.0,0.3516,212.0,-0.2782,-0.0921
2021-06-23,-0.0255,651.0,78.0,36.0,0.1117,472.0,-0.3309,-0.1151
2021-06-24,-0.013,942.0,94.0,63.0,0.3876,704.0,-0.1269,-0.038
2021-06-25,0.0062,511.0,31.0,37.0,0.329,397.0,-0.1387,0.0192
2021-06-26,0.0055,519.0,25.0,31.0,0.1201,417.0,-0.1371,0.0758
2021-06-27,0.0055,519.0,25.0,31.0,0.1201,417.0,-0.1371,0.0758
2021-06-28,0.0055,519.0,25.0,31.0,0.1201,417.0,-0.1371,0.0758
2021-06-29,0.0131,270.0,11.0,23.0,0.349,198.0,-0.2285,0.0216
2021-06-30,0.0276,1122.0,47.0,147.0,0.1992,833.0,-0.1059,0.0402
2021-07-01,0.0259,158.0,47.0,109.0,0.2717,641.0,-0.1988,0.0402
2021-07-02,0.0113,524.0,34.0,43.0,0.2564,384.0,-0.2395,0.0129
2021-07-03,-0.0112,496.0,43.0,33.0,0.2625,359.0,-0.2103,-0.0557
2021-07-04,-0.0112,496.0,43.0,33.0,0.2625,359.0,-0.2103,-0.0557
2021-07-05,-0.0112,496.0,43.0,33.0,0.2625,359.0,-0.2103,-0.0557
2021-07-06,0.0068,212.0,5.0,15.0,0.1563,162.0,-0.095,0.0
2021-07-07,0.001,250.0,6.0,8.0,0.321,200.0,-0.0797,0.0063
2021-07-08,0.0169,448.0,17.0,27.0,0.5637,357.0,-0.154,0.3474
2021-07-09,0.0097,871.0,39.0,87.0,0.2225,682.0,-0.1477,0.0515
2021-07-10,-0.0111,510.0,37.0,40.0,0.2318,366.0,-0.2079,-0.0418
2021-07-11,-0.0111,510.0,37.0,40.0,0.2318,366.0,-0.2079,-0.0418
2021-07-12,-0.0111,510.0,37.0,40.0,0.2318,366.0,-0.2079,-0.0418
2021-07-13,0.0048,220.0,7.0,14.0,0.1342,160.0,-0.23,0.0586
2021-07-14,-0.0133,403.0,35.0,28.0,0.6165,293.0,-0.2552,0.205
2021-07-15,0.0138,371.0,16.0,33.0,0.3005,271.0,-0.2623,-0.0151
2021-07-16,-0.0189,644.0,69.0,53.0,0.1381,462.0,-0.2511,-0.024
2021-07-17,-0.0176,619.0,58.0,55.0,0.3355,447.0,-0.3109,0.0044
2021-07-18,-0.0176,619.0,58.0,55.0,0.3355,447.0,-0.3109,0.0044
2021-07-19,-0.0176,619.0,58.0,55.0,0.3355,447.0,-0.3109,0.0044
2021-07-20,0.0041,169.0,6.0,11.0,0.2287,116.0,-0.1383,-0.0763
2021-07-21,-0.0278,546.0,65.0,37.0,0.2393,377.0,-0.3746,-0.0262
2021-07-22,-0.0098,586.0,52.0,35.0,0.1638,438.0,-0.2039,-0.0197
2021-07-23,0.0106,574.0,31.0,48.0,0.1368,419.0,-0.3688,0.0113
2021-07-24,-0.0165,420.0,41.0,25.0,0.1986,311.0,-0.2092,-0.0764
2021-07-25,-0.0165,420.0,41.0,25.0,0.1986,311.0,-0.2092,-0.0764
2021-07-26,-0.0165,420.0,41.0,25.0,0.1986,311.0,-0.2092,-0.0764
2021-07-27,0.0181,450.0,21.0,49.0,0.2644,325.0,-0.1487,-0.0917
2021-07-28,0.0179,833.0,55.0,80.0,0.1724,583.0,-0.2139,-0.2947
2021-07-29,0.0124,589.0,32.0,52.0,0.3545,446.0,-0.3203,-0.2284
2021-07-30,0.0126,504.0,26.0,50.0,0.2761,387.0,-0.3,-0.1259
2021-07-31,-0.0101,618.0,50.0,35.0,0.1514,487.0,-0.2268,-0.0492
2021-08-01,-0.0101,618.0,50.0,35.0,0.1514,487.0,-0.2268,-0.0492
2021-08-02,-0.0101,618.0,50.0,35.0,0.1514,487.0,-0.2268,-0.0492
2021-08-03,0.0058,273.0,10.0,16.0,0.1457,210.0,-0.1232,0.0
2021-08-04,0.0136,394.0,24.0,36.0,0.1966,273.0,-0.2349,-0.0869
2021-08-05,0.0068,549.0,33.0,37.0,0.2376,426.0,-0.1085,-0.0639
2021-08-06,0.0231,702.0,37.0,81.0,0.2084,515.0,-0.2411,-0.2886
2021-08-07,0.0221,931.0,38.0,120.0,0.1937,709.0,-0.2938,-0.1167
2021-08-08,0.0221,931.0,38.0,120.0,0.1937,709.0,-0.2938,-0.1167
2021-08-09,0.0221,931.0,38.0,120.0,0.1937,709.0,-0.2938,-0.1167
2021-08-10,0.0213,537.0,18.0,44.0,0.5116,399.0,-0.1226,-0.1199
2021-08-11,0.0179,1218.0,54.0,143.0,0.4438,872.0,-0.183,0.0966
2021-08-12,0.0366,3105.0,271.0,444.0,0.4438,2220.0,-0.183,0.386
2021-08-13,0.0324,2116.0,142.0,291.0,0.4438,1516.0,-0.183,0.6466
2021-08-14,-0.016,1286.0,131.0,98.0,0.4438,976.0,-0.183,-0.2595
2021-08-15,-0.016,1286.0,131.0,98.0,0.4438,976.0,-0.183,-0.2595
2021-08-16,-0.016,1286.0,131.0,98.0,0.4438,976.0,-0.183,-0.2595
2021-08-17,0.013,372.0,17.0,33.0,0.4438,281.0,-0.183,-0.455
2021-08-18,0.0081,690.0,47.0,51.0,0.4438,516.0,-0.183,-0.1628
2021-08-19,-0.0142,510.0,48.0,37.0,0.4438,379.0,-0.183,0.1047
2021-08-20,0.0158,695.0,60.0,66.0,0.4438,491.0,-0.183,-0.0565
2021-08-21,0.0262,971.0,42.0,131.0,0.4438,746.0,-0.183,0.0326
2021-08-22,0.0262,971.0,42.0,131.0,0.4438,746.0,-0.183,0.0326
2021-08-23,0.0262,971.0,42.0,131.0,0.4438,746.0,-0.183,0.0326
2021-08-24,0.0302,410.0,16.0,57.0,0.4438,298.0,-0.183,0.2016
2021-08-25,-0.023,1055.0,123.0,98.0,0.4438,751.0,-0.183,0.0418
2021-08-26,-0.026,767.0,92.0,53.0,0.4438,534.0,-0.183,-0.12
2021-08-27,-0.0124,591.0,54.0,39.0,0.4438,447.0,-0.183,-0.104
2021-08-28,-0.0282,545.0,66.0,36.0,0.4438,372.0,-0.183,-0.056
2021-08-29,-0.0282,545.0,66.0,36.0,0.4438,372.0,-0.183,-0.056
2021-08-30,-0.0282,545.0,66.0,36.0,0.4438,372.0,-0.183,-0.056
2021-08-31,0.0055,233.0,8.0,14.0,0.4438,171.0,-0.183,-0.4452
2021-09-01,0.0092,463.0,24.0,37.0,0.4438,358.0,-0.183,-0.0947
2021-09-02,-0.0129,380.0,33.0,20.0,0.4438,275.0,-0.183,-0.2033
2021-09-03,0.013,738.0,33.0,71.0,0.4438,580.0,-0.183,-0.0288
2021-09-04,0.0056,601.0,37.0,37.0,0.4438,477.0,-0.183,0.0217
2021-09-05,0.0056,601.0,37.0,37.0,0.4438,477.0,-0.183,0.0217
2021-09-06,0.0056,601.0,37.0,37.0,0.4438,477.0,-0.183,0.0217
2021-09-07,0.0094,297.0,9.0,24.0,0.4438,234.0,-0.183,0.0
2021-09-08,0.0073,396.0,22.0,29.0,0.4438,307.0,-0.183,-0.665
2021-09-09,-0.0609,1684.0,331.0,77.0,0.4438,1268.0,-0.183,-0.5498
2021-09-10,-0.0234,2179.0,268.0,58.0,0.4438,1661.0,-0.183,-0.7873
2021-09-11,-0.007,1560.0,121.0,77.0,0.4438,1310.0,-0.183,-0.1332
2021-09-12,-0.007,1560.0,121.0,77.0,0.4438,1310.0,-0.183,-0.1332
2021-09-13,-0.007,1560.0,121.0,77.0,0.4438,1310.0,-0.183,-0.1332
2021-09-14,-0.0123,337.0,37.0,11.0,0.4438,288.0,-0.183,-0.0386
2021-09-15,0.0492,828.0,53.0,129.0,0.4438,560.0,-0.183,-0.1325
2021-09-16,0.0199,689.0,47.0,75.0,0.4438,494.0,-0.183,-0.0154
2021-09-17,0.0075,749.0,30.0,57.0,0.4438,606.0,-0.183,-0.1064
2021-09-18,0.0042,1432.0,56.0,87.0,0.4438,1218.0,-0.183,-0.0728
2021-09-19,0.0042,1432.0,56.0,87.0,0.4438,1218.0,-0.183,-0.0728
2021-09-20,0.0042,1432.0,56.0,87.0,0.4438,1218.0,-0.183,-0.0728
2021-09-21,0.0086,330.0,23.0,25.0,0.4438,250.0,-0.183,-0.1648
2021-09-22,-0.0225,827.0,97.0,44.0,0.4438,607.0,-0.183,-0.109
2021-09-23,-0.0097,629.0,49.0,46.0,0.4438,462.0,-0.183,-0.021
2021-09-24,0.0058,529.0,28.0,34.0,0.4438,406.0,-0.183,-0.0018
2021-09-25,-0.0128,660.0,60.0,48.0,0.4438,505.0,-0.183,-0.0496
2021-09-26,-0.0128,660.0,60.0,48.0,0.4438,505.0,-0.183,-0.0496
2021-09-27,-0.0128,660.0,60.0,48.0,0.4438,505.0,-0.183,-0.0496
2021-09-28,0.0032,251.0,9.0,11.0,0.4438,196.0,-0.183,0.0
2021-09-29,0.005,612.0,35.0,39.0,0.4438,503.0,-0.183,-0.0035
2021-09-30,0.0102,440.0,22.0,34.0,0.4438,321.0,-0.183,-0.0144
2021-10-01,0.0109,488.0,23.0,40.0,0.4438,361.0,-0.183,-0.0148
2021-10-02,0.0075,543.0,29.0,40.0,0.4438,424.0,-0.183,-0.0243
2021-10-03,0.0075,543.0,29.0,40.0,0.4438,424.0,-0.183,-0.0243
2021-10-04,0.0075,543.0,29.0,40.0,0.4438,424.0,-0.183,-0.0243
2021-10-05,0.0038,278.0,15.0,16.0,0.4438,247.0,-0.183,0.0094
2021-10-06,-0.0227,706.0,84.0,41.0,0.4438,544.0,-0.183,0.1273
2021-10-07,0.0152,844.0,43.0,88.0,0.4438,678.0,-0.183,0.0258
2021-10-08,-0.0346,2207.0,318.0,169.0,0.4438,1672.0,-0.183,0.0197
2021-10-09,-0.0115,855.0,77.0,59.0,0.4438,692.0,-0.183,0.0017
2021-10-10,-0.0115,855.0,77.0,59.0,0.4438,692.0,-0.183,0.0017
2021-10-11,-0.0115,855.0,77.0,59.0,0.4438,692.0,-0.183,0.0017
2021-10-12,0.0039,322.0,17.0,18.0,0.4438,284.0,-0.183,0.0057
2021-10-13,0.0166,744.0,41.0,82.0,0.4438,599.0,-0.183,0.004
2021-10-14,-0.0046,1196.0,74.0,47.0,0.4438,1015.0,-0.183,-0.0041
2021-10-15,0.0068,837.0,40.0,62.0,0.4438,707.0,-0.183,-0.0077
2021-10-16,0.008,1616.0,55.0,130.0,0.4438,1401.0,-0.183,0.0112
2021-10-17,0.008,1616.0,55.0,130.0,0.4438,1401.0,-0.183,0.0112
2021-10-18,0.008,1616.0,55.0,130.0,0.4438,1401.0,-0.183,0.0112
2021-10-19,0.0053,547.0,18.0,36.0,0.4438,475.0,-0.183,0.1582
2021-10-20,0.0125,1156.0,36.0,111.0,0.4438,940.0,-0.183,0.039
2021-10-21,0.0099,1888.0,61.0,170.0,0.4438,1565.0,-0.183,0.1633
2021-10-22,0.0123,1241.0,48.0,122.0,0.4438,1008.0,-0.183,0.0802
2021-10-23,-0.0145,1055.0,104.0,92.0,0.4438,822.0,-0.183,0.0012
2021-10-24,-0.0145,1055.0,104.0,92.0,0.4438,822.0,-0.183,0.0012
2021-10-25,-0.0145,1055.0,104.0,92.0,0.4438,822.0,-0.183,0.0012
2021-10-26,0.0067,464.0,28.0,34.0,0.4438,372.0,-0.183,0.0742
2021-10-27,0.0194,1308.0,66.0,158.0,0.4438,1061.0,-0.183,0.0828
2021-10-28,0.0099,1268.0,79.0,106.0,0.4438,997.0,-0.183,-0.0243
2021-10-29,-0.0432,5010.0,838.0,247.0,0.4438,3897.0,-0.183,-0.0162
2021-10-30,-0.0069,1338.0,101.0,69.0,0.4438,1135.0,-0.183,-0.0011
2021-10-31,-0.0069,1338.0,101.0,69.0,0.4438,1135.0,-0.183,-0.0011
2021-11-01,-0.0069,1338.0,101.0,69.0,0.4438,1135.0,-0.183,-0.0011
2021-11-02,0.0037,666.0,34.0,34.0,0.4438,537.0,-0.183,-0.0321
2021-11-03,0.0204,1088.0,35.0,133.0,0.4438,862.0,-0.183,0.0113
2021-11-04,0.0086,1430.0,67.0,119.0,0.4438,1184.0,-0.183,0.0209
2021-11-05,0.0037,1478.0,68.0,84.0,0.4438,1265.0,-0.183,0.0023
2021-11-06,0.0068,1062.0,52.0,80.0,0.4438,897.0,-0.183,0.0033
2021-11-07,0.0068,1062.0,52.0,80.0,0.4438,897.0,-0.183,0.0033
2021-11-08,0.0068,1062.0,52.0,80.0,0.4438,897.0,-0.183,0.0033
2021-11-09,0.0036,824.0,41.0,45.0,0.4438,686.0,-0.183,0.1319
2021-11-10,0.0104,1253.0,54.0,109.0,0.4438,993.0,-0.183,0.2523
2021-11-11,-0.027,3224.0,403.0,349.0,0.4438,2333.0,-0.183,-0.5643
2021-11-12,0.0162,2054.0,184.0,199.0,0.4438,1492.0,-0.183,-0.6573
2021-11-13,0.0139,894.0,51.0,89.0,0.4438,691.0,-0.183,0.0186
2021-11-14,0.0139,894.0,51.0,89.0,0.4438,691.0,-0.183,0.0186
2021-11-15,0.0139,894.0,51.0,89.0,0.4438,691.0,-0.183,0.0186
2021-11-16,0.0059,433.0,14.0,29.0,0.4438,371.0,-0.183,-0.069
2021-11-17,0.0087,700.0,53.0,54.0,0.4438,561.0,-0.183,-0.0324
2021-11-18,0.0054,713.0,39.0,45.0,0.4438,581.0,-0.183,-0.0071
2021-11-19,0.0061,1055.0,55.0,78.0,0.4438,902.0,-0.183,-0.0189
2021-11-20,-0.008,799.0,64.0,51.0,0.4438,665.0,-0.183,0.0061
2021-11-21,-0.008,799.0,64.0,51.0,0.4438,665.0,-0.183,0.0061
2021-11-22,-0.008,799.0,64.0,51.0,0.4438,665.0,-0.183,0.0061
2021-11-23,-0.0046,1215.0,81.0,49.0,0.4438,1069.0,-0.183,-0.01
2021-11-24,-0.0151,1198.0,131.0,53.0,0.4438,993.0,-0.183,-0.0114
2021-11-25,-0.0422,2749.0,471.0,94.0,0.4438,2170.0,-0.183,-0.0099
2021-11-26,-0.0069,1274.0,95.0,41.0,0.4438,1083.0,-0.183,-0.0009
2021-11-27,-0.0064,930.0,68.0,36.0,0.4438,796.0,-0.183,-0.4673
2021-11-28,-0.0064,930.0,68.0,36.0,0.4438,796.0,-0.183,-0.4673
2021-11-29,-0.0064,930.0,68.0,36.0,0.4438,796.0,-0.183,-0.4673
2021-11-30,-0.0019,503.0,23.0,8.0,0.4438,454.0,-0.183,0.005
2021-12-01,0.0089,711.0,34.0,59.0,0.4438,570.0,-0.183,0.0131
2021-12-02,0.0077,812.0,31.0,65.0,0.4438,667.0,-0.183,0.0022
2021-12-03,0.0087,844.0,54.0,70.0,0.4438,668.0,-0.183,0.0003
2021-12-04,-0.0079,694.0,56.0,30.0,0.4438,566.0,-0.183,-0.0006
2021-12-05,-0.0079,694.0,56.0,30.0,0.4438,566.0,-0.183,-0.0006
2021-12-06,-0.0079,694.0,56.0,30.0,0.4438,566.0,-0.183,-0.0006
2021-12-07,-0.0071,319.0,23.0,15.0,0.4438,251.0,-0.183,-0.0496
2021-12-08,-0.007,593.0,42.0,23.0,0.4438,466.0,-0.183,-0.0187
2021-12-09,-0.006,749.0,50.0,35.0,0.4438,608.0,-0.183,-0.0074
2021-12-10,0.0039,759.0,37.0,44.0,0.4438,636.0,-0.183,-0.0036
2021-12-11,-0.0039,766.0,42.0,41.0,0.4438,628.0,-0.183,-0.0023
2021-12-12,-0.0039,766.0,42.0,41.0,0.4438,628.0,-0.183,-0.0023
2021-12-13,-0.0039,766.0,42.0,41.0,0.4438,628.0,-0.183,-0.0023
2021-12-14,0.0086,358.0,19.0,27.0,0.4438,271.0,-0.183,0.0
2021-12-15,-0.0123,441.0,39.0,24.0,0.4438,331.0,-0.183,-0.0021
2021-12-16,-0.0071,790.0,58.0,29.0,0.4438,652.0,-0.183,-0.0004
2021-12-17,-0.0044,702.0,40.0,26.0,0.4438,580.0,-0.183,-0.0005
2021-12-18,0.0035,496.0,26.0,25.0,0.4438,406.0,-0.183,-0.0027
2021-12-19,0.0035,496.0,26.0,25.0,0.4438,406.0,-0.183,-0.0027
2021-12-20,0.0035,496.0,26.0,25.0,0.4438,406.0,-0.183,-0.0027
2021-12-21,0.0067,294.0,14.0,20.0,0.4438,232.0,-0.183,0.0
2021-12-22,-0.0059,459.0,30.0,29.0,0.4438,359.0,-0.183,0.0159
2021-12-23,-0.0122,500.0,47.0,32.0,0.4438,403.0,-0.183,-0.0069
2021-12-24,-0.0029,596.0,27.0,23.0,0.4438,468.0,-0.183,0.0004
2021-12-25,0.0083,564.0,15.0,45.0,0.4438,459.0,-0.183,-0.1332
2021-12-26,0.0083,564.0,15.0,45.0,0.4438,459.0,-0.183,-0.1332
2021-12-27,0.0083,564.0,15.0,45.0,0.4438,459.0,-0.183,-0.1332
2021-12-28,-0.0019,263.0,11.0,6.0,0.4438,224.0,-0.183,0.0
2021-12-29,0.0098,496.0,10.0,41.0,0.4438,404.0,-0.183,0.0636
2021-12-30,0.0042,555.0,27.0,29.0,0.4438,432.0,-0.183,-0.4887
2021-12-31,-0.0078,452.0,34.0,23.0,0.4438,366.0,-0.183,-0.0016
2022-01-01,0.0071,386.0,14.0,26.0,0.4438,294.0,-0.183,0.0531
2022-01-02,0.0071,386.0,14.0,26.0,0.4438,294.0,-0.183,0.0531
2022-01-03,0.0071,386.0,14.0,26.0,0.4438,294.0,-0.183,0.0531
2022-01-04,0.0028,297.0,10.0,13.0,0.4438,235.0,-0.183,0.0558
2022-01-05,0.0045,405.0,22.0,24.0,0.4438,331.0,-0.183,-0.0106
2022-01-06,-0.0059,440.0,29.0,23.0,0.4438,347.0,-0.183,-0.0027
2022-01-07,-0.0164,565.0,55.0,46.0,0.4438,409.0,-0.183,-0.0266
2022-01-08,0.0191,590.0,42.0,61.0,0.4438,430.0,-0.183,-0.0368
2022-01-09,0.0191,590.0,42.0,61.0,0.4438,430.0,-0.183,-0.0368
2022-01-10,0.0191,590.0,42.0,61.0,0.4438,430.0,-0.183,-0.0368
2022-01-11,-0.0052,283.0,17.0,14.0,0.4438,222.0,-0.183,-0.0675
2022-01-12,-0.0206,439.0,47.0,41.0,0.4438,303.0,-0.183,-0.086
2022-01-13,-0.004,561.0,30.0,32.0,0.4438,458.0,-0.183,-0.0076
2022-01-14,0.0184,823.0,51.0,89.0,0.4438,623.0,-0.183,0.0077
2022-01-15,0.0072,505.0,32.0,32.0,0.4438,370.0,-0.183,-0.0266
2022-01-16,0.0072,505.0,32.0,32.0,0.4438,370.0,-0.183,-0.0266
2022-01-17,0.0072,505.0,32.0,32.0,0.4438,370.0,-0.183,-0.0266
2022-01-18,-0.0025,217.0,10.0,5.0,0.4438,181.0,-0.183,0.0
2022-01-19,0.0155,265.0,17.0,25.0,0.4438,195.0,-0.183,0.0236
2022-01-20,-0.0035,698.0,35.0,19.0,0.4438,565.0,-0.183,-0.0025
2022-01-21,-0.0055,580.0,35.0,27.0,0.4438,436.0,-0.183,-0.0218
2022-01-22,-0.0108,643.0,56.0,29.0,0.4438,502.0,-0.183,-0.0083
2022-01-23,-0.0108,643.0,56.0,29.0,0.4438,502.0,-0.183,-0.0083
2022-01-24,-0.0108,643.0,56.0,29.0,0.4438,502.0,-0.183,-0.0083
2022-01-25,-0.0166,394.0,40.0,13.0,0.4438,301.0,-0.183,-0.2003
2022-01-26,-0.0176,823.0,84.0,44.0,0.4438,599.0,-0.183,-0.244
2022-01-27,-0.0167,579.0,61.0,32.0,0.4438,444.0,-0.183,-0.2027
2022-01-28,-0.0097,487.0,38.0,28.0,0.4438,371.0,-0.183,-0.0032
2022-01-29,-0.0183,538.0,56.0,44.0,0.4438,386.0,-0.183,-0.1469
2022-01-30,-0.0183,538.0,56.0,44.0,0.4438,386.0,-0.183,-0.1469
2022-01-31,-0.0183,538.0,56.0,44.0,0.4438,386.0,-0.183,-0.1469
2022-02-01,-0.0086,223.0,16.0,5.0,0.4438,158.0,-0.183,0.0
2022-02-02,0.0094,554.0,28.0,46.0,0.4438,433.0,-0.183,-0.0086
2022-02-03,0.0055,499.0,17.0,34.0,0.4438,413.0,-0.183,-0.0072
2022-02-04,-0.0114,465.0,41.0,20.0,0.4438,349.0,-0.183,-0.0081
2022-02-05,-0.004,508.0,29.0,17.0,0.4438,415.0,-0.183,-0.0149
2022-02-06,-0.004,508.0,29.0,17.0,0.4438,415.0,-0.183,-0.0149
2022-02-07,-0.004,508.0,29.0,17.0,0.4438,415.0,-0.183,-0.0149
2022-02-08,0.0033,376.0,15.0,20.0,0.4438,309.0,-0.183,0.0849
2022-02-09,0.0095,800.0,43.0,67.0,0.4438,625.0,-0.183,0.0059
2022-02-10,-0.0034,476.0,24.0,21.0,0.4438,384.0,-0.183,-0.035
2022-02-11,0.0035,476.0,10.0,24.0,0.4438,382.0,-0.183,0.0086
2022-02-12,0.0042,431.0,22.0,24.0,0.4438,345.0,-0.183,-0.0432
2022-02-13,0.0042,431.0,22.0,24.0,0.4438,345.0,-0.183,-0.0432
2022-02-14,0.0042,431.0,22.0,24.0,0.4438,345.0,-0.183,-0.0432
2022-02-15,-0.0033,1469.0,84.0,48.0,0.4438,1357.0,-0.183,-0.0665
2022-02-16,0.0038,766.0,32.0,41.0,0.4438,609.0,-0.183,-0.0175
2022-02-17,0.0057,544.0,15.0,34.0,0.4438,421.0,-0.183,0.001
2022-02-18,-0.0038,360.0,20.0,15.0,0.4438,275.0,-0.183,-0.0014
2022-02-19,-0.0114,375.0,32.0,26.0,0.4438,282.0,-0.183,-0.0087
2022-02-20,-0.0114,375.0,32.0,26.0,0.4438,282.0,-0.183,-0.0087
2022-02-21,-0.0114,375.0,32.0,26.0,0.4438,282.0,-0.183,-0.0087
2022-02-22,0.0025,245.0,7.0,10.0,0.4438,184.0,-0.183,0.0
2022-02-23,-0.0068,345.0,24.0,7.0,0.4438,275.0,-0.183,-0.0061
2022-02-24,-0.0155,474.0,49.0,17.0,0.4438,359.0,-0.183,-0.004
2022-02-25,-0.0172,484.0,52.0,38.0,0.4438,355.0,-0.183,-0.0109
2022-02-26,0.0405,1770.0,215.0,267.0,0.4438,1215.0,-0.183,-0.2517
2022-02-27,0.0405,1770.0,215.0,267.0,0.4438,1215.0,-0.183,-0.2517
2022-02-28,0.0405,1770.0,215.0,267.0,0.4438,1215.0,-0.183,-0.2517
2022-03-01,0.0113,199.0,13.0,17.0,0.4438,140.0,-0.183,0.0
2022-03-02,-0.0133,575.0,54.0,44.0,0.4438,429.0,-0.183,0.0073
2022-03-03,0.0121,516.0,16.0,47.0,0.4438,398.0,-0.183,0.0062
2022-03-04,-0.0052,332.0,20.0,12.0,0.4438,260.0,-0.183,0.0006
2022-03-05,-0.0057,362.0,23.0,11.0,0.4438,291.0,-0.183,-0.0238
2022-03-06,-0.0057,362.0,23.0,11.0,0.4438,291.0,-0.183,-0.0238
2022-03-07,-0.0057,362.0,23.0,11.0,0.4438,291.0,-0.183,-0.0238
2022-03-08,-0.0057,161.0,10.0,7.0,0.4438,126.0,-0.183,-0.0195
2022-03-09,-0.0071,498.0,33.0,13.0,0.4438,369.0,-0.183,-0.0111
2022-03-10,-0.0038,458.0,25.0,16.0,0.4438,374.0,-0.183,-0.0006
2022-03-11,0.0068,433.0,18.0,28.0,0.4438,325.0,-0.183,0.0866
2022-03-12,0.0052,307.0,14.0,18.0,0.4438,235.0,-0.183,-0.021
2022-03-13,0.0052,307.0,14.0,18.0,0.4438,235.0,-0.183,-0.021
2022-03-14,0.0052,307.0,14.0,18.0,0.4438,235.0,-0.183,-0.021
2022-03-15,0.0055,162.0,8.0,9.0,0.4438,113.0,-0.183,0.0177
2022-03-16,-0.0328,392.0,53.0,26.0,0.4438,276.0,-0.183,-0.0106
2022-03-17,-0.0109,350.0,30.0,24.0,0.4438,262.0,-0.183,0.034
2022-03-18,0.0051,374.0,15.0,22.0,0.4438,294.0,-0.183,0.0043
2022-03-19,0.0072,452.0,28.0,33.0,0.4438,366.0,-0.183,-0.0085
2022-03-20,0.0072,452.0,28.0,33.0,0.4438,366.0,-0.183,-0.0085
2022-03-21,0.0072,452.0,28.0,33.0,0.4438,366.0,-0.183,-0.0085
2022-03-22,-0.0113,240.0,21.0,5.0,0.4438,193.0,-0.183,-0.0475
2022-03-23,-0.0101,538.0,45.0,29.0,0.4438,426.0,-0.183,-0.0681
2022-03-24,0.0109,580.0,29.0,51.0,0.4438,450.0,-0.183,-0.0399
2022-03-25,0.0069,403.0,19.0,30.0,0.4438,323.0,-0.183,0.0018
2022-03-26,0.0088,558.0,26.0,46.0,0.4438,447.0,-0.183,0.0168
2022-03-27,0.0088,558.0,26.0,46.0,0.4438,447.0,-0.183,0.0168
2022-03-28,0.0088,558.0,26.0,46.0,0.4438,447.0,-0.183,0.0168
2022-03-29,0.0044,402.0,12.0,26.0,0.4438,343.0,-0.183,0.0404
2022-03-30,0.0102,666.0,22.0,57.0,0.4438,520.0,-0.183,0.0512
2022-03-31,0.004,465.0,21.0,25.0,0.4438,375.0,-0.183,0.0
2022-04-01,0.008,425.0,19.0,32.0,0.4438,338.0,-0.183,0.0129
2022-04-02,-0.0078,335.0,24.0,8.0,0.4438,256.0,-0.183,-0.0119
2022-04-03,-0.0078,335.0,24.0,8.0,0.4438,256.0,-0.183,-0.0119
2022-04-04,-0.0078,335.0,24.0,8.0,0.4438,256.0,-0.183,-0.0119
2022-04-05,-0.005,222.0,14.0,9.0,0.4438,169.0,-0.183,0.0
2022-04-06,-0.0017,307.0,11.0,10.0,0.4438,250.0,-0.183,-0.0027
2022-04-07,-0.0377,472.0,68.0,26.0,0.4438,337.0,-0.183,-0.0567
2022-04-08,-0.0159,466.0,46.0,32.0,0.4438,354.0,-0.183,-0.0093
2022-04-09,-0.0086,373.0,27.0,18.0,0.4438,279.0,-0.183,-0.0165
2022-04-10,-0.0086,373.0,27.0,18.0,0.4438,279.0,-0.183,-0.0165
2022-04-11,-0.0086,373.0,27.0,18.0,0.4438,279.0,-0.183,-0.0165
2022-04-12,-0.0072,228.0,17.0,5.0,0.4438,187.0,-0.183,-0.0077
2022-04-13,-0.0126,523.0,47.0,35.0,0.4438,395.0,-0.183,-0.0601
2022-04-14,-0.0047,615.0,36.0,31.0,0.4438,502.0,-0.183,-0.0381
2022-04-15,-0.0039,378.0,20.0,18.0,0.4438,294.0,-0.183,-0.0433
2022-04-16,-0.0167,417.0,44.0,13.0,0.4438,325.0,-0.183,-0.0518
2022-04-17,-0.0167,417.0,44.0,13.0,0.4438,325.0,-0.183,-0.0518
2022-04-18,-0.0167,417.0,44.0,13.0,0.4438,325.0,-0.183,-0.0518
2022-04-19,-0.0131,197.0,17.0,5.0,0.4438,144.0,-0.183,-0.0711
2022-04-20,-0.0193,388.0,40.0,29.0,0.4438,272.0,-0.183,-0.0873
2022-04-21,0.009,349.0,18.0,27.0,0.4438,276.0,-0.183,-0.0184
2022-04-22,0.0012,839.0,26.0,29.0,0.4438,721.0,-0.183,-0.0002
2022-04-23,-0.0252,952.0,117.0,53.0,0.4438,717.0,-0.183,-0.006
2022-04-24,-0.0252,952.0,117.0,53.0,0.4438,717.0,-0.183,-0.006
2022-04-25,-0.0252,952.0,117.0,53.0,0.4438,717.0,-0.183,-0.006
2022-04-26,-0.0052,229.0,14.0,6.0,0.4438,182.0,-0.183,-0.0061
2022-04-27,-0.0041,367.0,21.0,16.0,0.4438,296.0,-0.183,-0.0098
2022-04-28,-0.0304,432.0,55.0,22.0,0.4438,310.0,-0.183,-0.0073
2022-04-29,-0.0109,435.0,35.0,25.0,0.4438,319.0,-0.183,0.0009
2022-04-30,-0.0291,751.0,98.0,59.0,0.4438,542.0,-0.183,-0.0066
2022-05-01,-0.0291,751.0,98.0,59.0,0.4438,542.0,-0.183,-0.0066
2022-05-02,-0.0291,751.0,98.0,59.0,0.4438,542.0,-0.183,-0.0066
2022-05-03,0.0018,236.0,8.0,9.0,0.4438,196.0,-0.183,0.0
2022-05-04,0.0094,405.0,23.0,32.0,0.4438,301.0,-0.183,-0.0004
2022-05-05,-0.0079,508.0,38.0,17.0,0.4438,410.0,-0.183,-0.0026
2022-05-06,-0.0097,557.0,46.0,31.0,0.4438,445.0,-0.183,0.015
2022-05-07,-0.0197,632.0,70.0,33.0,0.4438,474.0,-0.183,-0.0458
2022-05-08,-0.0197,632.0,70.0,33.0,0.4438,474.0,-0.183,-0.0458
2022-05-09,-0.0197,632.0,70.0,33.0,0.4438,474.0,-0.183,-0.0458
2022-05-10,-0.0268,392.0,49.0,15.0,0.4438,280.0,-0.183,-0.1049
2022-05-11,-0.0435,1562.0,239.0,114.0,0.4438,1066.0,-0.183,-0.627
2022-05-12,-0.057,4929.0,922.0,280.0,0.4438,3591.0,-0.183,-0.6833
2022-05-13,-0.0724,4372.0,898.0,159.0,0.4438,3086.0,-0.183,-0.7865
2022-05-14,-0.0262,3371.0,428.0,277.0,0.4438,2484.0,-0.183,-0.4876
2022-05-15,-0.0262,3371.0,428.0,277.0,0.4438,2484.0,-0.183,-0.4876
2022-05-16,-0.0262,3371.0,428.0,277.0,0.4438,2484.0,-0.183,-0.4876
2022-05-17,-0.0164,531.0,59.0,23.0,0.4438,417.0,-0.183,-0.1609
2022-05-18,-0.0166,828.0,89.0,37.0,0.4438,644.0,-0.183,-0.2675
2022-05-19,-0.021,867.0,104.0,42.0,0.4438,666.0,-0.183,-0.264
2022-05-20,-0.0201,711.0,83.0,33.0,0.4438,549.0,-0.183,-0.0428
2022-05-21,-0.0118,649.0,60.0,32.0,0.4438,497.0,-0.183,-0.0282
2022-05-22,-0.0118,649.0,60.0,32.0,0.4438,497.0,-0.183,-0.0282
2022-05-23,-0.0118,649.0,60.0,32.0,0.4438,497.0,-0.183,-0.0282
2022-05-24,-0.0048,314.0,18.0,14.0,0.4438,247.0,-0.183,-0.0519
2022-05-25,-0.0145,498.0,47.0,20.0,0.4438,373.0,-0.183,-0.0576
2022-05-26,-0.0152,556.0,54.0,36.0,0.4438,407.0,-0.183,-0.1128
2022-05-27,-0.0066,565.0,41.0,25.0,0.4438,466.0,-0.183,-0.0631
2022-05-28,-0.0072,706.0,50.0,47.0,0.4438,551.0,-0.183,-0.0988
2022-05-29,-0.0072,706.0,50.0,47.0,0.4438,551.0,-0.183,-0.0988
2022-05-30,-0.0072,706.0,50.0,47.0,0.4438,551.0,-0.183,-0.0988
2022-05-31,0.0056,336.0,9.0,21.0,0.4438,269.0,-0.183,-0.0105
2022-06-01,-0.0034,320.0,17.0,13.0,0.4438,274.0,-0.183,-0.0419
2022-06-02,0.0108,595.0,35.0,49.0,0.4438,451.0,-0.183,-0.0113
2022-06-03,-0.0096,606.0,51.0,29.0,0.4438,485.0,-0.183,-0.048
2022-06-04,-0.0046,598.0,37.0,20.0,0.4438,495.0,-0.183,-0.205
2022-06-05,-0.0046,598.0,37.0,20.0,0.4438,495.0,-0.183,-0.205
2022-06-06,-0.0046,598.0,37.0,20.0,0.4438,495.0,-0.183,-0.205
2022-06-07,-0.0037,231.0,13.0,7.0,0.4438,188.0,-0.183,-0.0141
2022-06-08,-0.0152,388.0,39.0,20.0,0.4438,295.0,-0.183,-0.0265
2022-06-09,-0.009,414.0,31.0,14.0,0.4438,319.0,-0.183,-0.0034
2022-06-10,-0.002,357.0,15.0,12.0,0.4438,302.0,-0.183,-0.0039
2022-06-11,-0.0108,396.0,34.0,8.0,0.4438,308.0,-0.183,-0.0458
2022-06-12,-0.0108,396.0,34.0,8.0,0.4438,308.0,-0.183,-0.0458
2022-06-13,-0.0108,396.0,34.0,8.0,0.4438,308.0,-0.183,-0.0458
2022-06-14,-0.0214,481.0,64.0,17.0,0.4438,403.0,-0.183,-0.0511
2022-06-15,-0.0439,1545.0,245.0,65.0,0.4438,1106.0,-0.183,-0.7089
2022-06-16,-0.2023,1991.0,579.0,38.0,0.4438,1154.0,-0.183,-0.2431
2022-06-17,-0.0492,785.0,135.0,33.0,0.4438,565.0,-0.183,-0.0643
2022-06-18,-0.0519,604.0,113.0,15.0,0.4438,465.0,-0.183,-0.108
2022-06-19,-0.0519,604.0,113.0,15.0,0.4438,465.0,-0.183,-0.108
2022-06-20,-0.0519,604.0,113.0,15.0,0.4438,465.0,-0.183,-0.108
2022-06-21,-0.0544,208.0,38.0,6.0,0.4438,150.0,-0.183,-0.0096
2022-06-22,-0.014,269.0,28.0,4.0,0.4438,228.0,-0.183,-0.0152
2022-06-23,-0.0211,416.0,50.0,31.0,0.4438,320.0,-0.183,-0.0542
2022-06-24,-0.039,617.0,91.0,30.0,0.4438,443.0,-0.183,-0.1713
2022-06-25,-0.0125,608.0,57.0,34.0,0.4438,485.0,-0.183,-0.0195
2022-06-26,-0.0125,608.0,57.0,34.0,0.4438,485.0,-0.183,-0.0195
2022-06-27,-0.0125,608.0,57.0,34.0,0.4438,485.0,-0.183,-0.0195
2022-06-28,-0.0794,225.0,52.0,5.0,0.4438,174.0,-0.183,-0.0474
2022-06-29,-0.183,901.0,255.0,27.0,0.4438,540.0,-0.183,-0.7885
2022-06-30,-0.0165,587.0,61.0,31.0,0.4438,459.0,-0.183,-0.0553
2022-07-01,-0.0066,837.0,63.0,40.0,0.4438,730.0,-0.183,-0.015
2022-07-02,-0.013,770.0,76.0,37.0,0.4438,629.0,-0.183,-0.2021
2022-07-03,-0.013,770.0,76.0,37.0,0.4438,629.0,-0.183,-0.2021
2022-07-04,-0.013,770.0,76.0,37.0,0.4438,629.0,-0.183,-0.2021
2022-07-05,-0.0127,184.0,18.0,4.0,0.4438,151.0,-0.183,0.0
2022-07-06,-0.0158,279.0,32.0,5.0,0.4438,223.0,-0.183,-0.0081
2022-07-07,-0.0179,394.0,41.0,32.0,0.4438,290.0,-0.183,-0.1498
2022-07-08,-0.0273,436.0,53.0,16.0,0.4438,315.0,-0.183,-0.2647
2022-07-09,0.0057,366.0,19.0,24.0,0.4438,302.0,-0.183,-0.0135
2022-07-10,0.0057,366.0,19.0,24.0,0.4438,302.0,-0.183,-0.0135
2022-07-11,0.0057,366.0,19.0,24.0,0.4438,302.0,-0.183,-0.0135
2022-07-12,-0.0062,189.0,15.0,6.0,0.4438,168.0,-0.183,-0.5963
2022-07-13,-0.0158,327.0,35.0,7.0,0.4438,265.0,-0.183,-0.0206
2022-07-14,-0.0216,244.0,29.0,22.0,0.4438,179.0,-0.183,-0.0438
2022-07-15,-0.0174,320.0,36.0,20.0,0.4438,250.0,-0.183,-0.0134
2022-07-16,-0.0358,366.0,55.0,19.0,0.4438,266.0,-0.183,-0.0977
2022-07-17,-0.0358,366.0,55.0,19.0,0.4438,266.0,-0.183,-0.0977
2022-07-18,-0.0358,366.0,55.0,19.0,0.4438,266.0,-0.183,-0.0977
2022-07-19,-0.0208,268.0,33.0,20.0,0.4438,212.0,-0.183,0.0262
2022-07-20,0.0138,714.0,38.0,65.0,0.4438,518.0,-0.183,0.0927
2022-07-21,0.012,501.0,38.0,47.0,0.4438,391.0,-0.183,0.032
2022-07-22,-0.0141,1208.0,117.0,93.0,0.4438,894.0,-0.183,0.1586
2022-07-23,-0.0096,1330.0,120.0,52.0,0.4438,1099.0,-0.183,-0.558
2022-07-24,-0.0096,1330.0,120.0,52.0,0.4438,1099.0,-0.183,-0.558
2022-07-25,-0.0096,1330.0,120.0,52.0,0.4438,1099.0,-0.183,-0.558
2022-07-26,-0.0182,161.0,20.0,6.0,0.4438,133.0,-0.183,-0.2575
2022-07-27,-0.0791,568.0,125.0,18.0,0.4438,409.0,-0.183,-0.9643
2022-07-28,-0.0608,2254.0,441.0,96.0,0.4438,1649.0,-0.183,-0.9739
2022-07-29,-0.0455,924.0,146.0,67.0,0.4438,636.0,-0.183,-0.8451
2022-07-30,-0.0263,444.0,58.0,29.0,0.4438,337.0,-0.183,-0.2907
2022-07-31,-0.0263,444.0,58.0,29.0,0.4438,337.0,-0.183,-0.2907
2022-08-01,-0.0263,444.0,58.0,29.0,0.4438,337.0,-0.183,-0.2907
2022-08-02,-0.0174,109.0,13.0,6.0,0.4438,85.0,-0.183,-0.2478
2022-08-03,-0.0128,357.0,35.0,6.0,0.4438,296.0,-0.183,-0.1672
2022-08-04,-0.0202,387.0,44.0,33.0,0.4438,289.0,-0.183,-0.0698
2022-08-05,-0.0231,872.0,105.0,81.0,0.4438,648.0,-0.183,-0.118
2022-08-06,0.0157,3362.0,249.0,358.0,0.4438,2620.0,-0.183,0.1768
2022-08-07,0.0157,3362.0,249.0,358.0,0.4438,2620.0,-0.183,0.1768
2022-08-08,0.0157,3362.0,249.0,358.0,0.4438,2620.0,-0.183,0.1768
2022-08-09,-0.0078,296.0,21.0,18.0,0.4438,222.0,-0.183,-0.1007
2022-08-10,-0.0265,720.0,88.0,49.0,0.4438,510.0,-0.183,-0.191
2022-08-11,-0.1108,2576.0,614.0,139.0,0.4438,1711.0,-0.183,-0.6476
2022-08-12,-0.044,1381.0,213.0,87.0,0.4438,948.0,-0.183,-0.6181
2022-08-13,-0.0412,944.0,144.0,61.0,0.4438,669.0,-0.183,-0.3403
2022-08-14,-0.0412,944.0,144.0,61.0,0.4438,669.0,-0.183,-0.3403
2022-08-15,-0.0412,944.0,144.0,61.0,0.4438,669.0,-0.183,-0.3403
2022-08-16,0.0059,245.0,16.0,16.0,0.4438,201.0,-0.183,0.0
2022-08-17,-0.0141,356.0,38.0,21.0,0.4438,298.0,-0.183,-0.4736
2022-08-18,-0.008,504.0,43.0,20.0,0.4438,440.0,-0.183,-0.1112
2022-08-19,-0.019,441.0,52.0,20.0,0.4438,356.0,-0.183,-0.0435
2022-08-20,-0.0321,402.0,58.0,21.0,0.4438,311.0,-0.183,-0.1604
2022-08-21,-0.0321,402.0,58.0,21.0,0.4438,311.0,-0.183,-0.1604
2022-08-22,-0.0321,402.0,58.0,21.0,0.4438,311.0,-0.183,-0.1604
2022-08-23,-0.0369,134.0,22.0,7.0,0.4438,106.0,-0.183,-0.4917
2022-08-24,-0.0098,263.0,23.0,21.0,0.4438,216.0,-0.183,-0.0236
2022-08-25,-0.0423,352.0,57.0,16.0,0.4438,273.0,-0.183,-0.2482
2022-08-26,-0.0123,284.0,29.0,15.0,0.4438,230.0,-0.183,-0.2946
2022-08-27,-0.0077,386.0,30.0,23.0,0.4438,325.0,-0.183,-0.0083
2022-08-28,-0.0077,386.0,30.0,23.0,0.4438,325.0,-0.183,-0.0083
2022-08-29,-0.0077,386.0,30.0,23.0,0.4438,325.0,-0.183,-0.0083
2022-08-30,-0.0094,161.0,15.0,5.0,0.4438,142.0,-0.183,-0.1408
2022-08-31,-0.006,276.0,21.0,15.0,0.4438,236.0,-0.183,0.006
2022-09-01,-0.0328,286.0,44.0,18.0,0.4438,225.0,-0.183,-0.2386
2022-09-02,-0.0063,434.0,33.0,21.0,0.4438,380.0,-0.183,-0.0587
2022-09-03,-0.0153,280.0,30.0,17.0,0.4438,231.0,-0.183,-0.0281
2022-09-04,-0.0153,280.0,30.0,17.0,0.4438,231.0,-0.183,-0.0281
2022-09-05,-0.0153,280.0,30.0,17.0,0.4438,231.0,-0.183,-0.0281
2022-09-06,-0.0046,86.0,6.0,0.0,0.4438,78.0,-0.183,-0.2043
2022-09-07,0.001,222.0,6.0,7.0,0.4438,209.0,-0.183,0.1059
2022-09-08,-0.0156,282.0,30.0,15.0,0.4438,233.0,-0.183,-0.1871
2022-09-09,-0.0046,416.0,26.0,24.0,0.4438,363.0,-0.183,-0.0052
2022-09-10,-0.07,602.0,131.0,19.0,0.4438,458.0,-0.183,-0.7979
2022-09-11,-0.07,602.0,131.0,19.0,0.4438,458.0,-0.183,-0.7979
2022-09-12,-0.07,602.0,131.0,19.0,0.4438,458.0,-0.183,-0.7979
2022-09-13,-0.0044,165.0,10.0,7.0,0.4438,143.0,-0.183,-0.0164
2022-09-14,0.0068,307.0,15.0,23.0,0.4438,272.0,-0.183,-0.1483
2022-09-15,-0.0343,448.0,70.0,20.0,0.4438,356.0,-0.183,-0.3888
2022-09-16,0.0074,417.0,32.0,33.0,0.4438,357.0,-0.183,-0.0446
2022-09-17,-0.0277,403.0,55.0,28.0,0.4438,312.0,-0.183,-0.0038
2022-09-18,-0.0277,403.0,55.0,28.0,0.4438,312.0,-0.183,-0.0038
2022-09-19,-0.0277,403.0,55.0,28.0,0.4438,312.0,-0.183,-0.0038
2022-09-20,-0.0241,226.0,32.0,7.0,0.4438,188.0,-0.183,-0.7439
2022-09-21,-0.021,353.0,45.0,15.0,0.4438,289.0,-0.183,-0.1319
2022-09-22,-0.0076,288.0,24.0,9.0,0.4438,254.0,-0.183,-0.0045
2022-09-23,-0.0084,319.0,28.0,20.0,0.4438,273.0,-0.183,-0.0221
2022-09-24,-0.0081,341.0,28.0,20.0,0.4438,287.0,-0.183,-0.0491
2022-09-25,-0.0081,341.0,28.0,20.0,0.4438,287.0,-0.183,-0.0491
2022-09-26,-0.0081,341.0,28.0,20.0,0.4438,287.0,-0.183,-0.0491
2022-09-27,-0.0506,152.0,30.0,7.0,0.4438,115.0,-0.183,-0.0214
2022-09-28,-0.0177,278.0,31.0,22.0,0.4438,219.0,-0.183,-0.7447
2022-09-29,-0.0149,228.0,24.0,13.0,0.4438,182.0,-0.183,-0.2413
2022-09-30,-0.0155,283.0,31.0,21.0,0.4438,231.0,-0.183,-0.3456
2022-10-01,-0.0132,351.0,36.0,17.0,0.4438,294.0,-0.183,-0.4525
2022-10-02,-0.0132,351.0,36.0,17.0,0.4438,294.0,-0.183,-0.4525
2022-10-03,-0.0132,351.0,36.0,17.0,0.4438,294.0,-0.183,-0.4525
2022-10-04,-0.0103,304.0,29.0,10.0,0.4438,266.0,-0.183,-0.1465
2022-10-05,0.0154,334.0,25.0,36.0,0.4438,271.0,-0.183,-0.3158
2022-10-06,-0.0089,384.0,33.0,32.0,0.4438,327.0,-0.183,0.0199
2022-10-07,-0.022,247.0,31.0,20.0,0.4438,195.0,-0.183,-0.0343
2022-10-08,0.0187,224.0,12.0,27.0,0.4438,183.0,-0.183,0.238
2022-10-09,0.0187,224.0,12.0,27.0,0.4438,183.0,-0.183,0.238
2022-10-10,0.0187,224.0,12.0,27.0,0.4438,183.0,-0.183,0.238
2022-10-11,-0.009,104.0,9.0,8.0,0.4438,86.0,-0.183,-0.0272
2022-10-12,-0.0037,273.0,16.0,13.0,0.4438,239.0,-0.183,0.0066
2022-10-13,-0.0037,1131.0,62.0,63.0,0.4438,956.0,-0.183,0.0191
2022-10-14,-0.0082,304.0,27.0,10.0,0.4438,262.0,-0.183,-0.0043
2022-10-15,-0.0064,361.0,27.0,21.0,0.4438,310.0,-0.183,-0.0335
2022-10-16,-0.0064,361.0,27.0,21.0,0.4438,310.0,-0.183,-0.0335
2022-10-17,-0.0064,361.0,27.0,21.0,0.4438,310.0,-0.183,-0.0335
2022-10-18,-0.0046,149.0,9.0,9.0,0.4438,127.0,-0.183,-0.0354
2022-10-19,-0.0113,236.0,9.0,7.0,0.4438,79.0,-0.183,-0.0048
2022-10-20,-0.0178,241.0,28.0,14.0,0.4438,197.0,-0.183,0.0037
2022-10-21,-0.0031,244.0,4.0,0.0,0.4438,68.0,-0.183,0.0
2022-10-22,-0.0047,194.0,13.0,8.0,0.4438,171.0,-0.183,-0.0282
2022-10-23,-0.0047,194.0,13.0,8.0,0.4438,171.0,-0.183,-0.0282
2022-10-24,-0.0047,194.0,13.0,8.0,0.4438,171.0,-0.183,-0.0282
2022-10-25,0.0021,116.0,1.0,2.0,0.4438,33.0,-0.183,-0.0093
2022-10-26,0.0034,215.0,2.0,6.0,0.4438,94.0,-0.183,-0.0017
2022-10-27,0.0356,344.0,5.0,16.0,0.4438,77.0,-0.183,0.011
2022-10-28,-0.1062,338.0,21.0,6.0,0.4438,54.0,-0.183,0.0142
2022-10-29,-0.0118,190.0,6.0,5.0,0.4438,54.0,-0.183,-0.0741
2022-10-30,-0.0118,190.0,6.0,5.0,0.4438,54.0,-0.183,-0.0741
2022-10-31,-0.0118,190.0,6.0,5.0,0.4438,54.0,-0.183,-0.0741
2022-11-01,-0.0205,135.0,4.0,1.0,0.4438,25.0,-0.183,-0.0407
2022-11-02,-0.0194,319.0,12.0,5.0,0.4438,79.0,-0.183,-0.0281
2022-11-03,-0.0199,264.0,11.0,9.0,0.4438,76.0,-0.183,-0.0022
2022-11-04,-0.0187,333.0,16.0,3.0,0.4438,106.0,-0.183,-0.0035
2022-11-05,-0.3003,1856.0,146.0,39.0,0.4438,222.0,-0.183,-0.5611
2022-11-06,-0.3003,1856.0,146.0,39.0,0.4438,222.0,-0.183,-0.5611
2022-11-07,-0.3003,1856.0,146.0,39.0,0.4438,222.0,-0.183,-0.5611
2022-11-08,-0.0068,136.0,3.0,2.0,0.4438,32.0,-0.183,-0.03
2022-11-09,0.0219,380.0,6.0,11.0,0.4438,66.0,-0.183,-0.1305
2022-11-10,-0.0296,1975.0,99.0,36.0,0.4438,540.0,-0.183,-0.2017
2022-11-11,-0.0624,1118.0,68.0,14.0,0.4438,236.0,-0.183,-0.2505
2022-11-12,-0.064,875.0,66.0,30.0,0.4438,236.0,-0.183,-0.3198
2022-11-13,-0.064,875.0,66.0,30.0,0.4438,236.0,-0.183,-0.3198
2022-11-14,-0.064,875.0,66.0,30.0,0.4438,236.0,-0.183,-0.3198
2022-11-15,-0.0046,675.0,8.0,7.0,0.4438,102.0,-0.183,-0.2592
2022-11-16,-0.0982,657.0,47.0,4.0,0.4438,137.0,-0.183,-0.0586
2022-11-17,-0.0233,482.0,15.0,6.0,0.4438,92.0,-0.183,-0.0017
2022-11-18,-0.0104,911.0,21.0,9.0,0.4438,186.0,-0.183,-0.4755
2022-11-19,-0.0583,820.0,48.0,4.0,0.4438,190.0,-0.183,-0.0956
2022-11-20,-0.0583,820.0,48.0,4.0,0.4438,190.0,-0.183,-0.0956
2022-11-21,-0.0583,820.0,48.0,4.0,0.4438,190.0,-0.183,-0.0956
2022-11-22,-0.0173,472.0,22.0,6.0,0.4438,162.0,-0.183,-0.4764
2022-11-23,-0.1244,1410.0,128.0,32.0,0.4438,332.0,-0.183,-0.4784
2022-11-24,-0.0149,953.0,35.0,32.0,0.4438,274.0,-0.183,-0.1876
2022-11-25,-0.0073,606.0,12.0,6.0,0.4438,132.0,-0.183,-0.0085
2022-11-26,-0.0516,229.0,9.0,4.0,0.4438,36.0,-0.183,-0.086
2022-11-27,-0.0516,229.0,9.0,4.0,0.4438,36.0,-0.183,-0.086
2022-11-28,-0.0516,229.0,9.0,4.0,0.4438,36.0,-0.183,-0.086
2022-11-29,0.0153,210.0,5.0,7.0,0.4438,50.0,-0.183,-0.0847
2022-11-30,-0.0245,429.0,14.0,6.0,0.4438,84.0,-0.183,-0.2032
2022-12-01,-0.0007,519.0,4.0,4.0,0.4438,133.0,-0.183,0.0
2022-12-02,-0.0066,423.0,8.0,7.0,0.4438,86.0,-0.183,-0.0248
2022-12-03,-0.0035,505.0,13.0,11.0,0.4438,188.0,-0.183,0.0041
2022-12-04,-0.0035,505.0,13.0,11.0,0.4438,188.0,-0.183,0.0041
2022-12-05,-0.0035,505.0,13.0,11.0,0.4438,188.0,-0.183,0.0041
2022-12-06,-0.0259,205.0,10.0,5.0,0.4438,56.0,-0.183,-0.6103
2022-12-07,-0.0195,348.0,12.0,2.0,0.4438,79.0,-0.183,-0.3786
2022-12-08,-0.024,415.0,13.0,6.0,0.4438,78.0,-0.183,-0.1791
2022-12-09,-0.3887,507.0,80.0,8.0,0.4438,98.0,-0.183,-0.8556
2022-12-10,-0.0149,473.0,16.0,11.0,0.4438,126.0,-0.183,-0.2591
2022-12-11,-0.0149,473.0,16.0,11.0,0.4438,126.0,-0.183,-0.2591
2022-12-12,-0.0149,473.0,16.0,11.0,0.4438,126.0,-0.183,-0.2591
2022-12-13,-0.015,228.0,9.0,4.0,0.4438,63.0,-0.183,-0.0406
2022-12-14,-0.0251,497.0,22.0,20.0,0.4438,116.0,-0.183,-0.0897
2022-12-15,-0.0536,1190.0,30.0,12.0,0.4438,123.0,-0.183,-0.5643
2022-12-16,0.0676,548.0,6.0,28.0,0.4438,93.0,-0.183,-0.1219
2022-12-17,-0.0321,509.0,25.0,15.0,0.4438,126.0,-0.183,-0.0199
2022-12-18,-0.0321,509.0,25.0,15.0,0.4438,126.0,-0.183,-0.0199
2022-12-19,-0.0321,509.0,25.0,15.0,0.4438,126.0,-0.183,-0.0199
2022-12-20,-0.029,170.0,9.0,5.0,0.4438,48.0,-0.183,0.0
2022-12-21,-0.0554,475.0,35.0,13.0,0.4438,136.0,-0.183,-0.0566
2022-12-22,0.0343,348.0,19.0,21.0,0.4438,97.0,-0.183,-0.1415
2022-12-23,-0.0094,276.0,8.0,6.0,0.4438,76.0,-0.183,-0.002
2022-12-24,-0.0395,301.0,13.0,8.0,0.4438,60.0,-0.183,-0.0078
2022-12-25,-0.0395,301.0,13.0,8.0,0.4438,60.0,-0.183,-0.0078
2022-12-26,-0.0395,301.0,13.0,8.0,0.4438,60.0,-0.183,-0.0078
2022-12-27,-0.0724,67.0,3.0,0.0,0.4438,9.0,-0.183,0.0
2022-12-28,0.0059,110.0,1.0,2.0,0.4438,23.0,-0.183,0.0
2022-12-29,-0.1563,334.0,24.0,4.0,0.4438,54.0,-0.183,-0.1376
2022-12-30,-0.0714,212.0,16.0,1.0,0.4438,54.0,-0.183,-0.1377
2022-12-31,0.0712,254.0,11.0,11.0,0.4438,34.0,-0.183,-0.1322
2023-01-01,0.0712,254.0,11.0,11.0,0.4438,34.0,-0.183,-0.1322
2023-01-02,0.0712,254.0,11.0,11.0,0.4438,34.0,-0.183,-0.1322
2023-01-03,-0.0078,111.0,4.0,0.0,0.4438,40.0,-0.183,0.0
2023-01-04,-0.0051,124.0,2.0,2.0,0.4438,29.0,-0.183,0.0
2023-01-05,0.0247,224.0,5.0,6.0,0.4438,33.0,-0.183,0.012
2023-01-06,-0.5012,950.0,161.0,90.0,0.4438,141.0,-0.183,-0.7481
2023-01-07,-0.2663,531.0,40.0,9.0,0.4438,65.0,-0.183,-0.4734
2023-01-08,-0.2663,531.0,40.0,9.0,0.4438,65.0,-0.183,-0.4734
2023-01-09,-0.2663,531.0,40.0,9.0,0.4438,65.0,-0.183,-0.4734
2023-01-10,-0.1448,189.0,12.0,8.0,0.4438,29.0,-0.183,0.327
2023-01-11,-0.6257,808.0,119.0,24.0,0.4438,93.0,-0.183,-0.0772
2023-01-12,-0.7798,1600.0,358.0,48.0,0.4438,186.0,-0.183,-0.1914
2023-01-13,-0.3156,704.0,89.0,27.0,0.4438,122.0,-0.183,-0.2632
2023-01-14,0.0644,706.0,25.0,26.0,0.4438,94.0,-0.183,0.0098
2023-01-15,0.0644,706.0,25.0,26.0,0.4438,94.0,-0.183,0.0098
2023-01-16,0.0644,706.0,25.0,26.0,0.4438,94.0,-0.183,0.0098
2023-01-17,0.003,153.0,2.0,3.0,0.4438,47.0,-0.183,-0.0246
2023-01-18,0.0497,226.0,5.0,11.0,0.4438,47.0,-0.183,-0.0873
2023-01-19,-0.109,651.0,29.0,26.0,0.4438,80.0,-0.183,-0.0667
2023-01-20,-0.1255,928.0,44.0,17.0,0.4438,109.0,-0.183,-0.0193
2023-01-21,-0.0278,639.0,14.0,8.0,0.4438,79.0,-0.183,-0.0291
2023-01-22,-0.0278,639.0,14.0,8.0,0.4438,79.0,-0.183,-0.0291
2023-01-23,-0.0278,639.0,14.0,8.0,0.4438,79.0,-0.183,-0.0291
2023-01-24,0.0191,216.0,6.0,10.0,0.4438,66.0,-0.183,-0.1363
2023-01-25,-0.0226,393.0,15.0,14.0,0.4438,92.0,-0.183,-0.0072
2023-01-26,-0.0149,371.0,12.0,6.0,0.4438,94.0,-0.183,-0.0213
2023-01-27,-0.2801,369.0,41.0,5.0,0.4438,68.0,-0.183,-0.096
2023-01-28,-0.2896,335.0,46.0,3.0,0.4438,72.0,-0.183,-0.0309
2023-01-29,-0.2896,335.0,46.0,3.0,0.4438,72.0,-0.183,-0.0309
2023-01-30,-0.2896,335.0,46.0,3.0,0.4438,72.0,-0.183,-0.0309
2023-01-31,0.0788,174.0,6.0,9.0,0.4438,28.0,-0.183,0.2214
2023-02-01,-0.0173,286.0,9.0,6.0,0.4438,62.0,-0.183,-0.0189
2023-02-02,0.0574,292.0,5.0,13.0,0.4438,49.0,-0.183,0.0627
2023-02-03,-0.1556,534.0,34.0,24.0,0.4438,78.0,-0.183,-0.4508
2023-02-04,0.1458,1021.0,13.0,46.0,0.4438,112.0,-0.183,0.1609
2023-02-05,0.1458,1021.0,13.0,46.0,0.4438,112.0,-0.183,0.1609
2023-02-06,0.1458,1021.0,13.0,46.0,0.4438,112.0,-0.183,0.1609
2023-02-07,0.023,188.0,2.0,6.0,0.4438,36.0,-0.183,-0.0045
2023-02-08,0.0316,376.0,11.0,13.0,0.4438,69.0,-0.183,-0.0231
2023-02-09,-0.4598,493.0,68.0,2.0,0.4438,71.0,-0.183,-0.0852
2023-02-10,-0.0201,385.0,16.0,12.0,0.4438,105.0,-0.183,-0.067
2023-02-11,-0.0573,969.0,50.0,5.0,0.4438,194.0,-0.183,-0.2008
2023-02-12,-0.0573,969.0,50.0,5.0,0.4438,194.0,-0.183,-0.2008
2023-02-13,-0.0573,969.0,50.0,5.0,0.4438,194.0,-0.183,-0.2008
2023-02-14,-0.008,219.0,9.0,4.0,0.4438,94.0,-0.183,-0.0121
2023-02-15,0.0088,389.0,7.0,10.0,0.4438,95.0,-0.183,-0.0379
2023-02-16,0.0357,557.0,12.0,20.0,0.4438,93.0,-0.183,-0.007
2023-02-17,0.0234,809.0,3.0,23.0,0.4438,136.0,-0.183,-0.0194
2023-02-18,-0.0067,748.0,9.0,8.0,0.4438,105.0,-0.183,-0.0545
2023-02-19,-0.0067,748.0,9.0,8.0,0.4438,105.0,-0.183,-0.0545
2023-02-20,-0.0067,748.0,9.0,8.0,0.4438,105.0,-0.183,-0.0545
2023-02-21,-0.0131,145.0,5.0,2.0,0.4438,41.0,-0.183,0.08
2023-02-22,0.0359,273.0,7.0,8.0,0.4438,37.0,-0.183,-0.0447
2023-02-23,-0.1831,2046.0,129.0,76.0,0.4438,267.0,-0.183,-0.5572
2023-02-24,0.0262,1311.0,39.0,41.0,0.4438,234.0,-0.183,-0.1185
2023-02-25,0.0029,934.0,16.0,26.0,0.4438,438.0,-0.183,-0.056
2023-02-26,0.0029,934.0,16.0,26.0,0.4438,438.0,-0.183,-0.056
2023-02-27,0.0029,934.0,16.0,26.0,0.4438,438.0,-0.183,-0.056
2023-02-28,-0.048,156.0,13.0,4.0,0.4438,55.0,-0.183,-0.0013
2023-03-01,-0.0034,424.0,12.0,10.0,0.4438,178.0,-0.183,-0.0097
2023-03-02,0.0238,832.0,7.0,21.0,0.4438,130.0,-0.183,0.0514
2023-03-03,-0.0476,550.0,37.0,11.0,0.4438,163.0,-0.183,-0.0565
2023-03-04,-0.0265,965.0,43.0,5.0,0.4438,242.0,-0.183,-0.2252
2023-03-05,-0.0265,965.0,43.0,5.0,0.4438,242.0,-0.183,-0.2252
2023-03-06,-0.0265,965.0,43.0,5.0,0.4438,242.0,-0.183,-0.2252
2023-03-07,-0.0147,154.0,6.0,4.0,0.4438,47.0,-0.183,0.0061
2023-03-08,-0.0181,505.0,16.0,12.0,0.4438,113.0,-0.183,-0.0684
2023-03-09,-0.0275,387.0,18.0,9.0,0.4438,101.0,-0.183,-0.0461
2023-03-10,-0.0075,584.0,14.0,5.0,0.4438,146.0,-0.183,-0.0175
2023-03-11,-0.0198,646.0,21.0,17.0,0.4438,131.0,-0.183,-0.1703
2023-03-12,-0.0198,646.0,21.0,17.0,0.4438,131.0,-0.183,-0.1703
2023-03-13,-0.0198,646.0,21.0,17.0,0.4438,131.0,-0.183,-0.1703
2023-03-14,-0.0088,584.0,20.0,8.0,0.4438,190.0,-0.183,-0.003
2023-03-15,-0.0189,774.0,30.0,13.0,0.4438,201.0,-0.183,-0.0346
2023-03-16,0.0042,663.0,8.0,11.0,0.4438,154.0,-0.183,-0.0267
2023-03-17,0.0025,539.0,4.0,8.0,0.4438,136.0,-0.183,0.0142
2023-03-18,0.0125,558.0,9.0,10.0,0.4438,76.0,-0.183,-0.0105
2023-03-19,0.0125,558.0,9.0,10.0,0.4438,76.0,-0.183,-0.0105
2023-03-20,0.0125,558.0,9.0,10.0,0.4438,76.0,-0.183,-0.0105
2023-03-21,0.0105,377.0,3.0,8.0,0.4438,73.0,-0.183,0.0355
2023-03-22,0.0077,509.0,8.0,13.0,0.4438,140.0,-0.183,0.0179
2023-03-23,0.0243,1028.0,28.0,33.0,0.4438,200.0,-0.183,0.0786
2023-03-24,-0.0474,3451.0,211.0,37.0,0.4438,913.0,-0.183,-0.6531
2023-03-25,-0.1002,2118.0,176.0,35.0,0.4438,516.0,-0.183,-0.6436
2023-03-26,-0.1002,2118.0,176.0,35.0,0.4438,516.0,-0.183,-0.6436
2023-03-27,-0.1002,2118.0,176.0,35.0,0.4438,516.0,-0.183,-0.6436
2023-03-28,-0.0239,274.0,20.0,9.0,0.4438,114.0,-0.183,-0.0946
2023-03-29,-0.0452,818.0,44.0,10.0,0.4438,188.0,-0.183,-0.3878
2023-03-30,-0.0111,520.0,16.0,4.0,0.4438,144.0,-0.183,-0.1392
2023-03-31,-0.0068,508.0,12.0,8.0,0.4438,127.0,-0.183,-0.0182
2023-04-01,-0.0034,348.0,8.0,2.0,0.4438,122.0,-0.183,-0.0085
2023-04-02,-0.0034,348.0,8.0,2.0,0.4438,122.0,-0.183,-0.0085
2023-04-03,-0.0034,348.0,8.0,2.0,0.4438,122.0,-0.183,-0.0085
2023-04-04,-0.0118,203.0,8.0,2.0,0.4438,66.0,-0.183,0.0
2023-04-05,0.0357,386.0,10.0,12.0,0.4438,62.0,-0.183,0.0767
2023-04-06,-0.05,388.0,24.0,5.0,0.4438,100.0,-0.183,-0.0943
2023-04-07,-0.016,509.0,16.0,3.0,0.4438,114.0,-0.183,-0.0101
2023-04-08,0.0095,391.0,6.0,11.0,0.4438,101.0,-0.183,-0.1124
2023-04-09,0.0095,391.0,6.0,11.0,0.4438,101.0,-0.183,-0.1124
2023-04-10,0.0095,391.0,6.0,11.0,0.4438,101.0,-0.183,-0.1124
2023-04-11,0.0125,135.0,4.0,5.0,0.4438,39.0,-0.183,0.0
2023-04-12,0.0206,617.0,23.0,26.0,0.4438,164.0,-0.183,0.1522
2023-04-13,0.0299,663.0,9.0,30.0,0.4438,163.0,-0.183,0.146
2023-04-14,-0.0383,505.0,20.0,7.0,0.4438,91.0,-0.183,-0.0336
2023-04-15,0.0087,732.0,8.0,14.0,0.4438,131.0,-0.183,0.0083
2023-04-16,0.0087,732.0,8.0,14.0,0.4438,131.0,-0.183,0.0083
2023-04-17,0.0087,732.0,8.0,14.0,0.4438,131.0,-0.183,0.0083
2023-04-18,-0.0136,168.0,7.0,1.0,0.4438,58.0,-0.183,-0.0012
2023-04-19,-0.0082,508.0,19.0,10.0,0.4438,192.0,-0.183,0.0002
2023-04-20,-0.0008,564.0,8.0,5.0,0.4438,260.0,-0.183,-0.0021
2023-04-21,-0.0079,560.0,28.0,6.0,0.4438,285.0,-0.183,-0.0098
2023-04-22,-0.0053,555.0,21.0,8.0,0.4438,263.0,-0.183,-0.0193
2023-04-23,-0.0053,555.0,21.0,8.0,0.4438,263.0,-0.183,-0.0193
2023-04-24,-0.0053,555.0,21.0,8.0,0.4438,263.0,-0.183,-0.0193
2023-04-25,-0.0183,153.0,10.0,2.0,0.4438,71.0,-0.183,0.0
2023-04-26,-0.0146,973.0,44.0,14.0,0.4438,336.0,-0.183,-0.0339
2023-04-27,-0.0363,554.0,38.0,11.0,0.4438,188.0,-0.183,-0.0486
2023-04-28,-0.0097,584.0,20.0,12.0,0.4438,180.0,-0.183,-0.0736
2023-04-29,-0.0098,720.0,39.0,7.0,0.4438,358.0,-0.183,-0.1888
2023-04-30,-0.0098,720.0,39.0,7.0,0.4438,358.0,-0.183,-0.1888
2023-05-01,-0.0098,720.0,39.0,7.0,0.4438,358.0,-0.183,-0.1888
2023-05-02,-0.0186,185.0,15.0,1.0,0.4438,106.0,-0.183,-0.0079
2023-05-03,-0.1984,817.0,99.0,13.0,0.4438,199.0,-0.183,-0.6897
2023-05-04,-0.0424,988.0,82.0,18.0,0.4438,368.0,-0.183,-0.207
2023-05-05,-0.0254,645.0,46.0,5.0,0.4438,259.0,-0.183,-0.3251
2023-05-06,0.0622,1353.0,78.0,78.0,0.4438,280.0,-0.183,-0.3221
2023-05-07,0.0622,1353.0,78.0,78.0,0.4438,280.0,-0.183,-0.3221
2023-05-08,0.0622,1353.0,78.0,78.0,0.4438,280.0,-0.183,-0.3221
2023-05-09,-0.0057,304.0,12.0,9.0,0.4438,140.0,-0.183,-0.0648
2023-05-10,-0.0106,520.0,25.0,11.0,0.4438,214.0,-0.183,-0.0147
2023-05-11,-0.2323,448.0,70.0,6.0,0.4438,125.0,-0.183,-0.0051
2023-05-12,-0.0277,426.0,25.0,9.0,0.4438,134.0,-0.183,-0.0647
2023-05-13,-0.0084,461.0,20.0,6.0,0.4438,200.0,-0.183,-0.0226
2023-05-14,-0.0084,461.0,20.0,6.0,0.4438,200.0,-0.183,-0.0226
2023-05-15,-0.0084,461.0,20.0,6.0,0.4438,200.0,-0.183,-0.0226
2023-05-16,-0.0021,225.0,5.0,2.0,0.4438,93.0,-0.183,0.0011
2023-05-17,-0.0033,462.0,13.0,5.0,0.4438,200.0,-0.183,-0.0105
2023-05-18,-0.0093,472.0,22.0,6.0,0.4438,202.0,-0.183,-0.0434
2023-05-19,-0.0013,324.0,5.0,3.0,0.4438,119.0,-0.183,-0.0022
2023-05-20,-0.0013,369.0,7.0,1.0,0.4438,166.0,-0.183,-0.0106
2023-05-21,-0.0013,369.0,7.0,1.0,0.4438,166.0,-0.183,-0.0106
2023-05-22,-0.0013,369.0,7.0,1.0,0.4438,166.0,-0.183,-0.0106
2023-05-23,-0.0067,126.0,5.0,1.0,0.4438,50.0,-0.183,-0.0696
2023-05-24,0.0032,245.0,5.0,5.0,0.4438,85.0,-0.183,0.0029
2023-05-25,-0.011,265.0,10.0,2.0,0.4438,84.0,-0.183,-0.0074
2023-05-26,-0.0121,240.0,13.0,2.0,0.4438,107.0,-0.183,-0.0117
2023-05-27,-0.0114,275.0,14.0,2.0,0.4438,114.0,-0.183,-0.0211
2023-05-28,-0.0114,275.0,14.0,2.0,0.4438,114.0,-0.183,-0.0211
2023-05-29,-0.0114,275.0,14.0,2.0,0.4438,114.0,-0.183,-0.0211
2023-05-30,-0.0068,105.0,3.0,2.0,0.4438,31.0,-0.183,0.0
2023-05-31,-0.0394,115.0,6.0,5.0,0.4438,26.0,-0.183,0.0072
2023-06-01,-0.011,426.0,21.0,9.0,0.4438,174.0,-0.183,0.0301
2023-06-02,-0.0101,308.0,10.0,6.0,0.4438,96.0,-0.183,-0.0018
2023-06-03,-0.0063,357.0,8.0,6.0,0.4438,89.0,-0.183,-0.0494
2023-06-04,-0.0063,357.0,8.0,6.0,0.4438,89.0,-0.183,-0.0494
2023-06-05,-0.0063,357.0,8.0,6.0,0.4438,89.0,-0.183,-0.0494
2023-06-06,-0.0132,143.0,7.0,2.0,0.4438,58.0,-0.183,0.0
2023-06-07,-0.0385,1185.0,68.0,6.0,0.4438,319.0,-0.183,-0.3984
2023-06-08,-0.3236,6347.0,1248.0,66.0,0.4438,1778.0,-0.183,-0.9781
2023-06-09,-0.0927,1811.0,280.0,58.0,0.4438,814.0,-0.183,-0.8206
2023-06-10,-0.1652,979.0,192.0,10.0,0.4438,413.0,-0.183,-0.609
2023-06-11,-0.1652,979.0,192.0,10.0,0.4438,413.0,-0.183,-0.609
2023-06-12,-0.1652,979.0,192.0,10.0,0.4438,413.0,-0.183,-0.609
2023-06-13,-0.0428,479.0,65.0,1.0,0.4438,280.0,-0.183,-0.6392
2023-06-14,-0.081,622.0,71.0,6.0,0.4438,223.0,-0.183,-0.3947
2023-06-15,-0.0238,519.0,39.0,7.0,0.4438,227.0,-0.183,-0.1747
2023-06-16,-0.0186,481.0,31.0,4.0,0.4438,215.0,-0.183,-0.2086
2023-06-17,-0.0155,791.0,47.0,11.0,0.4438,344.0,-0.183,-0.1095
2023-06-18,-0.0155,791.0,47.0,11.0,0.4438,344.0,-0.183,-0.1095
2023-06-19,-0.0155,791.0,47.0,11.0,0.4438,344.0,-0.183,-0.1095
2023-06-20,-0.0076,174.0,9.0,4.0,0.4438,101.0,-0.183,0.0326
2023-06-21,-0.0113,296.0,12.0,5.0,0.4438,106.0,-0.183,-0.2012
2023-06-22,-0.0135,516.0,22.0,15.0,0.4438,175.0,-0.183,-0.0281
2023-06-23,-0.0246,573.0,25.0,12.0,0.4438,150.0,-0.183,-0.0118
2023-06-24,-0.0141,402.0,15.0,6.0,0.4438,119.0,-0.183,-0.0645
2023-06-25,-0.0141,402.0,15.0,6.0,0.4438,119.0,-0.183,-0.0645
2023-06-26,-0.0141,402.0,15.0,6.0,0.4438,119.0,-0.183,-0.0645
2023-06-27,-0.0133,190.0,10.0,6.0,0.4438,83.0,-0.183,-0.0149
2023-06-28,-0.013,515.0,20.0,14.0,0.4438,161.0,-0.183,-0.0202
2023-06-29,0.0367,699.0,6.0,27.0,0.4438,132.0,-0.183,-0.0185
2023-06-30,0.0107,619.0,11.0,20.0,0.4438,177.0,-0.183,-0.0787
2023-07-01,-0.0204,613.0,27.0,16.0,0.4438,179.0,-0.183,-0.1352
2023-07-02,-0.0204,613.0,27.0,16.0,0.4438,179.0,-0.183,-0.1352
2023-07-03,-0.0204,613.0,27.0,16.0,0.4438,179.0,-0.183,-0.1352
2023-07-04,-0.0031,143.0,3.0,0.0,0.4438,54.0,-0.183,-0.3623
2023-07-05,0.0358,711.0,10.0,47.0,0.4438,232.0,-0.183,0.2735
2023-07-06,0.0422,237.0,11.0,18.0,0.4438,81.0,-0.183,-0.1164
2023-07-07,-0.0353,562.0,28.0,6.0,0.4438,143.0,-0.183,-0.4215
2023-07-08,0.0189,343.0,9.0,10.0,0.4438,67.0,-0.183,0.0089
2023-07-09,0.0189,343.0,9.0,10.0,0.4438,67.0,-0.183,0.0089
2023-07-10,0.0189,343.0,9.0,10.0,0.4438,67.0,-0.183,0.0089
2023-07-11,-0.1409,118.0,13.0,2.0,0.4438,31.0,-0.183,0.0543
2023-07-12,0.0233,345.0,8.0,12.0,0.4438,71.0,-0.183,-0.1591
2023-07-13,0.0525,1275.0,28.0,68.0,0.4438,279.0,-0.183,0.3135
2023-07-14,-0.0112,709.0,24.0,16.0,0.4438,206.0,-0.183,-0.072
2023-07-15,0.0349,3310.0,34.0,107.0,0.4438,531.0,-0.183,0.09
2023-07-16,0.0349,3310.0,34.0,107.0,0.4438,531.0,-0.183,0.09
2023-07-17,0.0349,3310.0,34.0,107.0,0.4438,531.0,-0.183,0.09
2023-07-18,-0.0217,253.0,9.0,5.0,0.4438,54.0,-0.183,-0.1348
2023-07-19,-0.0194,706.0,28.0,19.0,0.4438,191.0,-0.183,-0.0293
2023-07-20,-0.0115,628.0,16.0,2.0,0.4438,133.0,-0.183,0.0764
2023-07-21,-0.0131,607.0,15.0,14.0,0.4438,119.0,-0.183,0.188
2023-07-22,-0.0038,563.0,7.0,4.0,0.4438,106.0,-0.183,-0.0101
2023-07-23,-0.0038,563.0,7.0,4.0,0.4438,106.0,-0.183,-0.0101
2023-07-24,-0.0038,563.0,7.0,4.0,0.4438,106.0,-0.183,-0.0101
2023-07-25,-0.0061,172.0,6.0,2.0,0.4438,68.0,-0.183,0.0
2023-07-26,0.0076,341.0,3.0,6.0,0.4438,65.0,-0.183,-0.0153
2023-07-27,-0.0092,310.0,9.0,3.0,0.4438,80.0,-0.183,-0.0364
2023-07-28,-0.0155,350.0,11.0,0.0,0.4438,82.0,-0.183,-0.0065
2023-07-29,-0.0144,471.0,12.0,4.0,0.4438,94.0,-0.183,0.001
2023-07-30,-0.0144,471.0,12.0,4.0,0.4438,94.0,-0.183,0.001
2023-07-31,-0.0144,471.0,12.0,4.0,0.4438,94.0,-0.183,0.001
2023-08-01,-0.0052,438.0,19.0,5.0,0.4438,233.0,-0.183,-0.0738
2023-08-02,-0.0069,725.0,29.0,13.0,0.4438,322.0,-0.183,-0.0428
2023-08-03,-0.0062,571.0,13.0,13.0,0.4438,156.0,-0.183,-0.0847
2023-08-04,-0.0043,385.0,10.0,4.0,0.4438,140.0,-0.183,-0.0213
2023-08-05,0.0943,1201.0,51.0,94.0,0.4438,277.0,-0.183,-0.4353
2023-08-06,0.0943,1201.0,51.0,94.0,0.4438,277.0,-0.183,-0.4353
2023-08-07,0.0943,1201.0,51.0,94.0,0.4438,277.0,-0.183,-0.4353
2023-08-08,-0.0015,182.0,5.0,4.0,0.4438,114.0,-0.183,-0.2888
2023-08-09,-0.0074,394.0,14.0,13.0,0.4438,147.0,-0.183,-0.015
2023-08-10,0.0027,435.0,8.0,11.0,0.4438,186.0,-0.183,0.0037
2023-08-11,-0.0053,428.0,14.0,2.0,0.4438,167.0,-0.183,-0.0539
2023-08-12,-0.011,406.0,16.0,11.0,0.4438,135.0,-0.183,-0.0133
2023-08-13,-0.011,406.0,16.0,11.0,0.4438,135.0,-0.183,-0.0133
2023-08-14,-0.011,406.0,16.0,11.0,0.4438,135.0,-0.183,-0.0133
2023-08-15,-0.0002,619.0,8.0,2.0,0.4438,514.0,-0.183,-0.0055
2023-08-16,-0.0043,360.0,12.0,5.0,0.4438,153.0,-0.183,-0.0019
2023-08-17,0.009,443.0,6.0,14.0,0.4438,136.0,-0.183,0.0561
2023-08-18,0.0083,712.0,13.0,26.0,0.4438,259.0,-0.183,0.0601
2023-08-19,-0.0528,699.0,43.0,9.0,0.4438,167.0,-0.183,-0.0542
2023-08-20,-0.0528,699.0,43.0,9.0,0.4438,167.0,-0.183,-0.0542
2023-08-21,-0.0528,699.0,43.0,9.0,0.4438,167.0,-0.183,-0.0542
2023-08-22,-0.0158,150.0,10.0,3.0,0.4438,72.0,-0.183,-0.0307
2023-08-23,-0.0017,516.0,12.0,7.0,0.4438,252.0,-0.183,-0.0108
2023-08-24,-0.0041,320.0,13.0,4.0,0.4438,177.0,-0.183,0.0024
2023-08-25,-0.0133,244.0,13.0,4.0,0.4438,103.0,-0.183,-0.0058
2023-08-26,-0.0021,291.0,8.0,6.0,0.4438,144.0,-0.183,-0.0043
2023-08-27,-0.0021,291.0,8.0,6.0,0.4438,144.0,-0.183,-0.0043
2023-08-28,-0.0021,291.0,8.0,6.0,0.4438,144.0,-0.183,-0.0043
2023-08-29,-0.0002,110.0,1.0,0.0,0.4438,71.0,-0.183,0.0065
2023-08-30,0.0006,217.0,2.0,3.0,0.4438,110.0,-0.183,-0.1243
2023-08-31,0.0562,788.0,7.0,62.0,0.4438,228.0,-0.183,0.1025
2023-09-01,0.0031,364.0,6.0,10.0,0.4438,163.0,-0.183,-0.0105
2023-09-02,0.0022,371.0,3.0,6.0,0.4438,119.0,-0.183,-0.0067
2023-09-03,0.0022,371.0,3.0,6.0,0.4438,119.0,-0.183,-0.0067
2023-09-04,0.0022,371.0,3.0,6.0,0.4438,119.0,-0.183,-0.0067
2023-09-05,-0.0084,86.0,4.0,2.0,0.4438,39.0,-0.183,-0.0051
2023-09-06,0.0005,110.0,1.0,1.0,0.4438,40.0,-0.183,-0.02
2023-09-07,0.0102,276.0,14.0,15.0,0.4438,134.0,-0.183,-0.0007
2023-09-08,0.0028,282.0,1.0,8.0,0.4438,130.0,-0.183,-0.0004
2023-09-09,0.0103,279.0,8.0,11.0,0.4438,93.0,-0.183,-0.0143
2023-09-10,0.0103,279.0,8.0,11.0,0.4438,93.0,-0.183,-0.0143
2023-09-11,0.0103,279.0,8.0,11.0,0.4438,93.0,-0.183,-0.0143
2023-09-12,0.0055,122.0,5.0,6.0,0.4438,69.0,-0.183,-0.0055
2023-09-13,0.0023,201.0,5.0,5.0,0.4438,91.0,-0.183,-0.0071
2023-09-14,0.0023,310.0,2.0,7.0,0.4438,132.0,-0.183,0.0046
2023-09-15,-0.0043,281.0,10.0,2.0,0.4438,139.0,-0.183,-0.0015
2023-09-16,0.0099,229.0,6.0,8.0,0.4438,76.0,-0.183,0.0077
2023-09-17,0.0099,229.0,6.0,8.0,0.4438,76.0,-0.183,0.0077
2023-09-18,0.0099,229.0,6.0,8.0,0.4438,76.0,-0.183,0.0077
2023-09-19,0.0067,74.0,2.0,3.0,0.4438,31.0,-0.183,-0.0021
2023-09-20,-0.0114,183.0,9.0,4.0,0.4438,75.0,-0.183,0.0154
2023-09-21,0.0009,231.0,2.0,3.0,0.4438,94.0,-0.183,-0.009
2023-09-22,-0.0002,195.0,1.0,1.0,0.4438,70.0,-0.183,-0.0018
2023-09-23,0.001,158.0,1.0,2.0,0.4438,60.0,-0.183,-0.0009
2023-09-24,0.001,158.0,1.0,2.0,0.4438,60.0,-0.183,-0.0009
2023-09-25,0.001,158.0,1.0,2.0,0.4438,60.0,-0.183,-0.0009
2023-09-26,-0.0087,96.0,5.0,2.0,0.4438,47.0,-0.183,0.0008
2023-09-27,-0.0162,217.0,17.0,0.0,0.4438,118.0,-0.183,-0.0427
2023-09-28,-0.0242,199.0,16.0,1.0,0.4438,89.0,-0.183,-0.0068
2023-09-29,-0.0121,227.0,14.0,1.0,0.4438,104.0,-0.183,-0.002
2023-09-30,-0.0005,309.0,4.0,4.0,0.4438,170.0,-0.183,0.0061
2023-10-01,-0.0005,309.0,4.0,4.0,0.4438,170.0,-0.183,0.0061
2023-10-02,-0.0005,309.0,4.0,4.0,0.4438,170.0,-0.183,0.0061
2023-10-03,0.0035,156.0,2.0,5.0,0.4438,75.0,-0.183,0.0424
2023-10-04,0.0145,277.0,4.0,14.0,0.4438,113.0,-0.183,0.0182
2023-10-05,-0.0836,231.0,31.0,5.0,0.4438,97.0,-0.183,-0.0572
2023-10-06,-0.173,174.0,25.0,7.0,0.4438,54.0,-0.183,-0.1009
2023-10-07,-0.0149,150.0,9.0,0.0,0.4438,66.0,-0.183,-0.0687
2023-10-08,-0.0149,150.0,9.0,0.0,0.4438,66.0,-0.183,-0.0687
2023-10-09,-0.0149,150.0,9.0,0.0,0.4438,66.0,-0.183,-0.0687
2023-10-10,-0.0332,115.0,5.0,1.0,0.4438,24.0,-0.183,-0.0841
2023-10-11,-0.0221,141.0,10.0,4.0,0.4438,56.0,-0.183,-0.01
2023-10-12,-0.0127,165.0,7.0,4.0,0.4438,58.0,-0.183,-0.0349
2023-10-13,-0.0938,197.0,30.0,2.0,0.4438,85.0,-0.183,-0.4207
2023-10-14,-0.0362,117.0,10.0,2.0,0.4438,46.0,-0.183,-0.035
2023-10-15,-0.0362,117.0,10.0,2.0,0.4438,46.0,-0.183,-0.035
2023-10-16,-0.0362,117.0,10.0,2.0,0.4438,46.0,-0.183,-0.035
2023-10-17,-0.001,116.0,2.0,1.0,0.4438,51.0,-0.183,-0.0893
2023-10-18,-0.0039,252.0,5.0,4.0,0.4438,72.0,-0.183,0.0193
2023-10-19,-0.0136,175.0,9.0,6.0,0.4438,70.0,-0.183,0.005
2023-10-20,-0.0045,193.0,7.0,2.0,0.4438,94.0,-0.183,-0.0044
2023-10-21,-0.0038,247.0,7.0,4.0,0.4438,99.0,-0.183,-0.0037
2023-10-22,-0.0038,247.0,7.0,4.0,0.4438,99.0,-0.183,-0.0037
2023-10-23,-0.0038,247.0,7.0,4.0,0.4438,99.0,-0.183,-0.0037
2023-10-24,0.0005,107.0,0.0,1.0,0.4438,38.0,-0.183,-0.0034
2023-10-25,0.0509,640.0,12.0,34.0,0.4438,136.0,-0.183,0.0592
2023-10-26,0.1253,894.0,10.0,65.0,0.4438,163.0,-0.183,0.0955
2023-10-27,0.0026,459.0,4.0,5.0,0.4438,86.0,-0.183,-0.0022
2023-10-28,0.0033,254.0,4.0,5.0,0.4438,70.0,-0.183,-0.005
2023-10-29,0.0033,254.0,4.0,5.0,0.4438,70.0,-0.183,-0.005
2023-10-30,0.0033,254.0,4.0,5.0,0.4438,70.0,-0.183,-0.005
2023-10-31,0.0021,114.0,0.0,2.0,0.4438,35.0,-0.183,0.0221
2023-11-01,0.0015,177.0,1.0,2.0,0.4438,41.0,-0.183,-0.0147
2023-11-02,-0.0151,249.0,14.0,2.0,0.4438,97.0,-0.183,-0.0015
2023-11-03,0.0043,291.0,8.0,9.0,0.4438,115.0,-0.183,0.0
2023-11-04,0.0753,793.0,37.0,58.0,0.4438,193.0,-0.183,-0.423
2023-11-05,0.0753,793.0,37.0,58.0,0.4438,193.0,-0.183,-0.423
2023-11-06,0.0753,793.0,37.0,58.0,0.4438,193.0,-0.183,-0.423
2023-11-07,0.0116,109.0,3.0,4.0,0.4438,32.0,-0.183,0.0395
2023-11-08,-0.0023,245.0,5.0,4.0,0.4438,89.0,-0.183,-0.0236
2023-11-09,-0.0179,347.0,17.0,4.0,0.4438,116.0,-0.183,-0.0217
2023-11-10,0.009,381.0,10.0,10.0,0.4438,97.0,-0.183,0.0012
2023-11-11,0.0222,624.0,5.0,26.0,0.4438,159.0,-0.183,0.1972
2023-11-12,0.0222,624.0,5.0,26.0,0.4438,159.0,-0.183,0.1972
2023-11-13,0.0222,624.0,5.0,26.0,0.4438,159.0,-0.183,0.1972
2023-11-14,0.0049,144.0,2.0,3.0,0.4438,35.0,-0.183,0.0
2023-11-15,-0.0047,269.0,5.0,3.0,0.4438,70.0,-0.183,0.0
2023-11-16,-0.0048,257.0,5.0,3.0,0.4438,66.0,-0.183,-0.0163
2023-11-17,0.0683,497.0,4.0,33.0,0.4438,115.0,-0.183,0.0307
2023-11-18,0.0333,322.0,1.0,21.0,0.4438,101.0,-0.183,0.0331
2023-11-19,0.0333,322.0,1.0,21.0,0.4438,101.0,-0.183,0.0331
2023-11-20,0.0333,322.0,1.0,21.0,0.4438,101.0,-0.183,0.0331
2023-11-21,0.001,166.0,0.0,2.0,0.4438,55.0,-0.183,0.0
2023-11-22,0.0125,486.0,11.0,18.0,0.4438,146.0,-0.183,-0.0193
2023-11-23,-0.0022,589.0,11.0,11.0,0.4438,222.0,-0.183,-0.0426
2023-11-24,0.0174,593.0,6.0,20.0,0.4438,132.0,-0.183,-0.0007
2023-11-25,0.0164,145.0,3.0,4.0,0.4438,29.0,-0.183,0.0019
2023-11-26,0.0164,145.0,3.0,4.0,0.4438,29.0,-0.183,0.0019
2023-11-27,0.0164,145.0,3.0,4.0,0.4438,29.0,-0.183,0.0019
2023-11-28,0.008,237.0,2.0,9.0,0.4438,93.0,-0.183,-0.0056
2023-11-29,0.1656,954.0,9.0,58.0,0.4438,122.0,-0.183,0.1932
2023-11-30,0.0254,1361.0,20.0,44.0,0.4438,257.0,-0.183,0.0919
2023-12-01,0.0047,902.0,10.0,12.0,0.4438,154.0,-0.183,0.0171
2023-12-02,0.0386,727.0,14.0,28.0,0.4438,129.0,-0.183,0.0411
2023-12-03,0.0386,727.0,14.0,28.0,0.4438,129.0,-0.183,0.0411
2023-12-04,0.0386,727.0,14.0,28.0,0.4438,129.0,-0.183,0.0411
2023-12-05,0.0199,633.0,5.0,16.0,0.4438,112.0,-0.183,0.0846
2023-12-06,0.0735,1118.0,9.0,48.0,0.4438,163.0,-0.183,0.1961
2023-12-07,0.0172,1207.0,13.0,31.0,0.4438,208.0,-0.183,0.0499
2023-12-08,-0.027,713.0,30.0,8.0,0.4438,156.0,-0.183,0.018
2023-12-09,0.0052,420.0,8.0,9.0,0.4438,113.0,-0.183,-0.0121
2023-12-10,0.0052,420.0,8.0,9.0,0.4438,113.0,-0.183,-0.0121
2023-12-11,0.0052,420.0,8.0,9.0,0.4438,113.0,-0.183,-0.0121
2023-12-12,-0.008,302.0,5.0,5.0,0.4438,49.0,-0.183,-0.0987
2023-12-13,-0.016,421.0,14.0,10.0,0.4438,106.0,-0.183,-0.0915
2023-12-14,-0.0065,297.0,9.0,5.0,0.4438,103.0,-0.183,0.0112
2023-12-15,0.0297,644.0,13.0,32.0,0.4438,163.0,-0.183,0.0748
2023-12-16,0.0125,517.0,2.0,11.0,0.4438,91.0,-0.183,0.0329
2023-12-17,0.0125,517.0,2.0,11.0,0.4438,91.0,-0.183,0.0329
2023-12-18,0.0125,517.0,2.0,11.0,0.4438,91.0,-0.183,0.0329
2023-12-19,-0.1084,155.0,12.0,0.0,0.4438,33.0,-0.183,0.0134
2023-12-20,0.0029,441.0,1.0,7.0,0.4438,121.0,-0.183,0.0063
2023-12-21,0.0155,530.0,7.0,20.0,0.4438,149.0,-0.183,0.0144
2023-12-22,0.0703,607.0,6.0,32.0,0.4438,110.0,-0.183,0.135
2023-12-23,0.0172,622.0,9.0,24.0,0.4438,161.0,-0.183,0.0385
2023-12-24,0.0172,622.0,9.0,24.0,0.4438,161.0,-0.183,0.0385
2023-12-25,0.0172,622.0,9.0,24.0,0.4438,161.0,-0.183,0.0385
2023-12-26,-0.0171,109.0,4.0,1.0,0.4438,26.0,-0.183,0.0209
2023-12-27,0.0026,186.0,2.0,3.0,0.4438,56.0,-0.183,0.0127
2023-12-28,0.0159,402.0,6.0,10.0,0.4438,71.0,-0.183,0.0188
2023-12-29,0.036,884.0,27.0,36.0,0.4438,172.0,-0.183,0.109
2023-12-30,-0.0111,750.0,15.0,13.0,0.4438,126.0,-0.183,0.0143
2023-12-31,-0.0111,750.0,15.0,13.0,0.4438,126.0,-0.183,0.0143
2024-01-01,-0.0111,750.0,15.0,13.0,0.4438,126.0,-0.183,0.0143
2024-01-02,-0.0018,153.0,2.0,0.0,0.4438,43.0,-0.183,0.0
2024-01-03,0.0147,400.0,5.0,12.0,0.4438,92.0,-0.183,0.5013
2024-01-04,-0.0391,1054.0,30.0,23.0,0.4438,137.0,-0.183,-0.2697
2024-01-05,-0.0387,631.0,26.0,13.0,0.4438,125.0,-0.183,-0.6507
2024-01-06,-0.0084,558.0,14.0,11.0,0.4438,126.0,-0.183,0.0951
2024-01-07,-0.0084,558.0,14.0,11.0,0.4438,126.0,-0.183,0.0951
2024-01-08,-0.0084,558.0,14.0,11.0,0.4438,126.0,-0.183,0.0951
2024-01-09,-0.0081,213.0,7.0,1.0,0.4438,71.0,-0.183,-0.072
2024-01-10,0.0082,517.0,8.0,12.0,0.4438,118.0,-0.183,0.0154
2024-01-11,-0.0087,729.0,12.0,1.0,0.4438,118.0,-0.183,-0.0959
2024-01-12,0.0171,1219.0,14.0,28.0,0.4438,188.0,-0.183,-0.2623
2024-01-13,-0.014,1392.0,31.0,18.0,0.4438,239.0,-0.183,-0.1141
2024-01-14,-0.014,1392.0,31.0,18.0,0.4438,239.0,-0.183,-0.1141
2024-01-15,-0.014,1392.0,31.0,18.0,0.4438,239.0,-0.183,-0.1141
2024-01-16,0.0043,156.0,2.0,4.0,0.4438,57.0,-0.183,-0.0027
2024-01-17,-0.0065,206.0,8.0,6.0,0.4438,85.0,-0.183,-0.0057
2024-01-18,-0.0037,377.0,9.0,5.0,0.4438,133.0,-0.183,-0.0413
2024-01-19,-0.0055,651.0,27.0,5.0,0.4438,322.0,-0.183,-0.0119
2024-01-20,-0.0098,554.0,21.0,5.0,0.4438,195.0,-0.183,0.0115
2024-01-21,-0.0098,554.0,21.0,5.0,0.4438,195.0,-0.183,0.0115
2024-01-22,-0.0098,554.0,21.0,5.0,0.4438,195.0,-0.183,0.0115
2024-01-23,-0.0033,144.0,3.0,3.0,0.4438,49.0,-0.183,-0.0796
2024-01-24,-0.018,451.0,24.0,4.0,0.4438,169.0,-0.183,-0.0778
2024-01-25,-0.1161,487.0,63.0,2.0,0.4438,169.0,-0.183,-0.3359
2024-01-26,-0.0139,384.0,17.0,3.0,0.4438,131.0,-0.183,-0.03
2024-01-27,0.0086,298.0,8.0,11.0,0.4438,110.0,-0.183,-0.0007
2024-01-28,0.0086,298.0,8.0,11.0,0.4438,110.0,-0.183,-0.0007
2024-01-29,0.0086,298.0,8.0,11.0,0.4438,110.0,-0.183,-0.0007
2024-01-30,0.0062,136.0,2.0,3.0,0.4438,33.0,-0.183,-0.0018
2024-01-31,0.0182,607.0,14.0,28.0,0.4438,188.0,-0.183,-0.0257
2024-02-01,0.0013,351.0,4.0,5.0,0.4438,125.0,-0.183,0.0005
2024-02-02,0.0005,360.0,0.0,4.0,0.4438,142.0,-0.183,-0.0073
2024-02-03,0.0007,278.0,2.0,3.0,0.4438,91.0,-0.183,-0.0008
2024-02-04,0.0007,278.0,2.0,3.0,0.4438,91.0,-0.183,-0.0008
2024-02-05,0.0007,278.0,2.0,3.0,0.4438,91.0,-0.183,-0.0008
2024-02-06,-0.0066,90.0,3.0,1.0,0.4438,33.0,-0.183,0.0
2024-02-07,-0.0357,447.0,20.0,5.0,0.4438,101.0,-0.183,-0.0384
2024-02-08,0.0082,270.0,6.0,7.0,0.4438,70.0,-0.183,-0.0056
2024-02-09,0.0121,360.0,10.0,14.0,0.4438,112.0,-0.183,0.0007
2024-02-10,0.0085,429.0,11.0,12.0,0.4438,123.0,-0.183,0.1381
2024-02-11,0.0085,429.0,11.0,12.0,0.4438,123.0,-0.183,0.1381
2024-02-12,0.0085,429.0,11.0,12.0,0.4438,123.0,-0.183,0.1381
2024-02-13,-0.0066,165.0,5.0,3.0,0.4438,58.0,-0.183,0.0073
2024-02-14,0.0104,443.0,8.0,15.0,0.4438,127.0,-0.183,0.0617
2024-02-15,0.0175,450.0,6.0,21.0,0.4438,140.0,-0.183,0.0214
2024-02-16,0.0546,884.0,7.0,43.0,0.4438,167.0,-0.183,0.3059
2024-02-17,0.3353,2559.0,17.0,220.0,0.4438,308.0,-0.183,0.7308
2024-02-18,0.3353,2559.0,17.0,220.0,0.4438,308.0,-0.183,0.7308
2024-02-19,0.3353,2559.0,17.0,220.0,0.4438,308.0,-0.183,0.7308
2024-02-20,0.0178,183.0,5.0,13.0,0.4438,87.0,-0.183,0.1879
2024-02-21,-0.0142,285.0,14.0,10.0,0.4438,111.0,-0.183,0.0427
2024-02-22,0.0295,464.0,10.0,19.0,0.4438,96.0,-0.183,0.0039
2024-02-23,-0.0054,367.0,11.0,9.0,0.4438,135.0,-0.183,-0.0091
2024-02-24,-0.014,267.0,13.0,7.0,0.4438,96.0,-0.183,0.0033
2024-02-25,-0.014,267.0,13.0,7.0,0.4438,96.0,-0.183,0.0033
2024-02-26,-0.014,267.0,13.0,7.0,0.4438,96.0,-0.183,0.0033
2024-02-27,-0.0101,124.0,5.0,4.0,0.4438,49.0,-0.183,0.0194
2024-02-28,0.0385,1006.0,13.0,54.0,0.4438,250.0,-0.183,0.2559
2024-02-29,0.0269,717.0,6.0,33.0,0.4438,177.0,-0.183,0.0727
2024-03-01,-0.0742,3761.0,196.0,52.0,0.4438,664.0,-0.183,-0.0453
2024-03-02,0.0199,773.0,14.0,24.0,0.4438,156.0,-0.183,-0.0063
2024-03-03,0.0199,773.0,14.0,24.0,0.4438,156.0,-0.183,-0.0063
2024-03-04,0.0199,773.0,14.0,24.0,0.4438,156.0,-0.183,-0.0063
2024-03-05,0.0105,416.0,11.0,13.0,0.4438,114.0,-0.183,0.019
2024-03-06,0.0617,1491.0,48.0,79.0,0.4438,290.0,-0.183,-0.0665
2024-03-07,0.0297,1275.0,37.0,40.0,0.4438,211.0,-0.183,-0.0887
2024-03-08,0.0117,683.0,10.0,15.0,0.4438,129.0,-0.183,0.0931
2024-03-09,0.0075,584.0,4.0,14.0,0.4438,150.0,-0.183,-0.0007
2024-03-10,0.0075,584.0,4.0,14.0,0.4438,150.0,-0.183,-0.0007
2024-03-11,0.0075,584.0,4.0,14.0,0.4438,150.0,-0.183,-0.0007
2024-03-12,0.0214,451.0,6.0,17.0,0.4438,107.0,-0.183,0.3934
2024-03-13,0.0361,812.0,9.0,34.0,0.4438,166.0,-0.183,0.1205
2024-03-14,0.0321,952.0,23.0,50.0,0.4438,253.0,-0.183,-0.039
2024-03-15,0.0271,796.0,6.0,44.0,0.4438,247.0,-0.183,0.0125
2024-03-16,-0.0094,709.0,15.0,11.0,0.4438,138.0,-0.183,-0.0267
2024-03-17,-0.0094,709.0,15.0,11.0,0.4438,138.0,-0.183,-0.0267
2024-03-18,-0.0094,709.0,15.0,11.0,0.4438,138.0,-0.183,-0.0267
2024-03-19,-0.0035,246.0,5.0,5.0,0.4438,77.0,-0.183,0.0
2024-03-20,-0.0044,482.0,10.0,9.0,0.4438,143.0,-0.183,-0.0271
2024-03-21,-0.0069,618.0,20.0,9.0,0.4438,210.0,-0.183,-0.0509
2024-03-22,0.0034,863.0,16.0,19.0,0.4438,296.0,-0.183,0.0003
2024-03-23,0.0128,613.0,3.0,23.0,0.4438,182.0,-0.183,0.0119
2024-03-24,0.0128,613.0,3.0,23.0,0.4438,182.0,-0.183,0.0119
2024-03-25,0.0128,613.0,3.0,23.0,0.4438,182.0,-0.183,0.0119
2024-03-26,0.001,181.0,1.0,2.0,0.4438,60.0,-0.183,0.0036
2024-03-27,0.0261,733.0,5.0,30.0,0.4438,173.0,-0.183,0.1753
2024-03-28,-0.0049,502.0,12.0,7.0,0.4438,145.0,-0.183,0.0113
2024-03-29,-0.1393,955.0,148.0,22.0,0.4438,348.0,-0.183,-0.5112
2024-03-30,-0.0236,470.0,22.0,8.0,0.4438,128.0,-0.183,-0.0477
2024-03-31,-0.0236,470.0,22.0,8.0,0.4438,128.0,-0.183,-0.0477
2024-04-01,-0.0236,470.0,22.0,8.0,0.4438,128.0,-0.183,-0.0477
