,date_dt,positive_count,negative_count,neutral_count,positive_avg_score,negative_avg_score,neutral_avg_score,total_news_count,total_news_score,signal
1,2021-04-14,10.0,2.0,10.0,0.9072427570819854,0.959676593542099,0.849137032032013,22.0,7.153074383735657,0.6666666666666666
2,2021-04-15,6.0,10.0,7.0,0.6230004280805588,0.8954730331897736,0.7265837107385907,23.0,-5.216727763414383,-0.25
3,2021-04-16,1.0,2.0,3.0,0.7259349226951599,0.804261714220047,0.8183265328407288,6.0,-0.8825885057449341,-0.3333333333333333
4,2021-04-18,2.0,6.0,1.0,0.8861298859119415,0.9622852305571238,0.8998252153396606,9.0,-4.00145161151886,-0.5
5,2021-04-19,3.0,5.0,2.0,0.8675076365470886,0.7856399774551391,0.7862325310707092,10.0,-1.32567697763443,-0.25
6,2021-04-20,3.0,3.0,1.0,0.7221980889638265,0.8955341180165609,0.7264186143875122,7.0,-0.5200080871582031,0.0
7,2021-04-21,1.0,1.0,5.0,0.642195999622345,0.47625625133514404,0.7316098213195801,7.0,0.16593974828720093,0.0
8,2021-04-23,1.0,11.0,3.0,0.5862659215927124,0.9068479375405745,0.8996528387069702,15.0,-9.389061391353607,-0.8333333333333334
9,2021-04-26,4.0,0.0,4.0,0.6675508171319962,0.0,0.8563130050897598,8.0,2.6702032685279846,1.0
10,2021-04-27,3.0,1.0,4.0,0.7584202488263448,0.7784744501113892,0.9563405811786652,8.0,1.4967862963676453,0.5
11,2021-05-04,1.0,0.0,4.0,0.9352485537528992,0.0,0.6886302679777145,5.0,0.9352485537528992,1.0
12,2021-05-09,2.0,1.0,0.0,0.8692087531089783,0.9130614995956421,0.0,3.0,0.8253560066223145,0.3333333333333333
13,2021-05-11,2.0,0.0,0.0,0.9498376250267029,0.0,0.0,2.0,1.8996752500534058,1.0
14,2021-05-13,1.0,8.0,2.0,0.9063049554824829,0.7989866212010384,0.7745719254016876,11.0,-5.485588014125824,-0.7777777777777778
15,2021-05-19,1.0,19.0,3.0,0.5990457534790039,0.9218370255671049,0.7404329776763916,23.0,-16.91585773229599,-0.9
16,2021-05-20,6.0,2.0,0.0,0.6801256140073141,0.4540584832429886,0.0,8.0,3.172636717557907,0.5
17,2021-05-24,1.0,0.0,2.0,0.7916097044944763,0.0,0.6759760677814484,3.0,0.7916097044944763,1.0
18,2021-05-25,1.0,5.0,2.0,0.7250131368637085,0.7708250045776367,0.9615310728549957,8.0,-3.129111886024475,-0.6666666666666666
19,2021-06-14,1.0,1.0,3.0,0.9012789726257324,0.8601041436195374,0.8089136083920797,5.0,0.04117482900619507,0.0
20,2021-06-22,2.0,4.0,0.0,0.6612038016319275,0.9409005492925644,0.0,6.0,-2.4411945939064026,-0.3333333333333333
21,2021-06-23,1.0,2.0,1.0,0.6083500981330872,0.9688491523265839,0.972582221031189,4.0,-1.3293482065200806,-0.3333333333333333
22,2021-06-28,1.0,2.0,3.0,0.8047908544540405,0.77168869972229,0.9228439331054688,6.0,-0.7385865449905396,-0.3333333333333333
23,2021-06-29,1.0,0.0,2.0,0.8831343650817871,0.0,0.8787748217582703,3.0,0.8831343650817871,1.0
24,2021-07-02,3.0,0.0,0.0,0.5611716508865356,0.0,0.0,3.0,1.683514952659607,1.0
25,2021-07-07,2.0,0.0,0.0,0.5492273569107056,0.0,0.0,2.0,1.0984547138214111,1.0
26,2021-07-12,1.0,2.0,0.0,0.6265774369239807,0.7986286282539368,0.0,3.0,-0.9706798195838928,-0.3333333333333333
27,2021-07-19,1.0,2.0,0.0,0.5159162282943726,0.9036470651626587,0.0,3.0,-1.2913779020309448,-0.3333333333333333
28,2021-07-21,1.0,2.0,1.0,0.7131643891334534,0.8956040143966675,0.9569832682609558,4.0,-1.0780436396598816,-0.3333333333333333
29,2021-07-26,4.0,0.0,2.0,0.8394605070352554,0.0,0.9097720682621002,6.0,3.3578420281410217,1.0
30,2021-07-27,1.0,3.0,0.0,0.8367544412612915,0.8935641249020895,0.0,4.0,-1.8439379334449768,-0.5
31,2021-07-29,2.0,1.0,0.0,0.7607040405273438,0.9307742714881897,0.0,3.0,0.5906338095664978,0.3333333333333333
32,2021-08-02,1.0,1.0,0.0,0.9143998026847839,0.660121500492096,0.0,2.0,0.254278302192688,0.0
33,2021-08-03,3.0,0.0,0.0,0.7499004801114401,0.0,0.0,3.0,2.24970144033432,1.0
34,2021-08-04,2.0,0.0,0.0,0.6372525691986084,0.0,0.0,2.0,1.2745051383972168,1.0
35,2021-08-05,1.0,0.0,1.0,0.9109593033790588,0.0,0.4400111138820648,2.0,0.9109593033790588,1.0
36,2021-08-06,1.0,0.0,1.0,0.9397078156471252,0.0,0.5914727449417114,2.0,0.9397078156471252,1.0
37,2021-08-09,6.0,1.0,0.0,0.7699273228645325,0.5784951448440552,0.0,7.0,4.04106879234314,0.7142857142857143
38,2021-08-10,2.0,1.0,2.0,0.9126568734645844,0.9595897793769836,0.5093213319778442,5.0,0.8657239675521851,0.3333333333333333
39,2021-08-11,1.0,0.0,0.0,0.7928880453109741,0.0,0.0,1.0,0.7928880453109741,1.0
40,2021-08-12,2.0,1.0,2.0,0.685957133769989,0.9636350870132446,0.7661704421043396,5.0,0.4082791805267334,0.3333333333333333
41,2021-08-13,2.0,0.0,0.0,0.6621831357479095,0.0,0.0,2.0,1.324366271495819,1.0
42,2021-08-17,1.0,0.0,1.0,0.5967279076576233,0.0,0.9033092260360718,2.0,0.5967279076576233,1.0
43,2021-08-18,2.0,1.0,1.0,0.9320446848869324,0.9317253232002258,0.9352190494537354,4.0,0.9323640465736389,0.3333333333333333
44,2021-08-20,1.0,0.0,1.0,0.6291724443435669,0.0,0.993409276008606,2.0,0.6291724443435669,1.0
45,2021-08-22,1.0,0.0,0.0,0.8774409890174866,0.0,0.0,1.0,0.8774409890174866,1.0
46,2021-08-23,4.0,0.0,1.0,0.817458987236023,0.0,0.9372571706771851,5.0,3.269835948944092,1.0
47,2021-08-25,1.0,0.0,0.0,0.7836623191833496,0.0,0.0,1.0,0.7836623191833496,1.0
48,2021-08-29,1.0,0.0,1.0,0.982100784778595,0.0,0.9718352556228638,2.0,0.982100784778595,1.0
49,2021-09-01,1.0,1.0,1.0,0.6654804944992065,0.7108128070831299,0.5526648759841919,3.0,-0.04533231258392334,0.0
50,2021-09-02,1.0,0.0,1.0,0.9083002805709839,0.0,0.5286492705345154,2.0,0.9083002805709839,1.0
51,2021-09-03,4.0,1.0,1.0,0.662856712937355,0.8957125544548035,0.6120737195014954,6.0,1.7557142972946167,0.6
52,2021-10-05,2.0,0.0,0.0,0.7990038692951202,0.0,0.0,2.0,1.5980077385902405,1.0
53,2021-10-06,6.0,1.0,0.0,0.8827246526877085,0.9171178936958313,0.0,7.0,4.37923002243042,0.7142857142857143
54,2021-10-07,2.0,0.0,0.0,0.9079630374908447,0.0,0.0,2.0,1.8159260749816895,1.0
55,2021-10-08,1.0,0.0,1.0,0.9604106545448303,0.0,0.9504693746566772,2.0,0.9604106545448303,1.0
56,2021-10-11,2.0,0.0,3.0,0.8825654089450836,0.0,0.826854387919108,5.0,1.7651308178901672,1.0
57,2021-10-13,1.0,0.0,2.0,0.9729934930801392,0.0,0.9157827794551849,3.0,0.9729934930801392,1.0
58,2021-10-14,3.0,0.0,4.0,0.705947995185852,0.0,0.8717562407255173,7.0,2.117843985557556,1.0
59,2021-10-15,4.0,0.0,2.0,0.8164283335208893,0.0,0.8804001212120056,6.0,3.265713334083557,1.0
60,2021-10-18,5.0,0.0,1.0,0.8234648764133453,0.0,0.6440713405609131,6.0,4.117324382066727,1.0
61,2021-10-19,3.0,0.0,11.0,0.790343165397644,0.0,0.8939069563692267,14.0,2.371029496192932,1.0
62,2021-10-20,9.0,3.0,0.0,0.8252939052051969,0.5664182901382446,0.0,12.0,5.728390276432037,0.5
63,2021-10-21,2.0,0.0,2.0,0.7340966761112213,0.0,0.9319616556167603,4.0,1.4681933522224426,1.0
64,2021-10-22,1.0,0.0,1.0,0.8939734697341919,0.0,0.8529459238052368,2.0,0.8939734697341919,1.0
65,2021-10-25,4.0,1.0,1.0,0.8784320503473282,0.7405864596366882,0.9881417155265808,6.0,2.7731417417526245,0.6
66,2021-10-28,6.0,0.0,3.0,0.6301787296930949,0.0,0.9117721915245056,9.0,3.7810723781585693,1.0
67,2021-10-31,1.0,0.0,0.0,0.5064554214477539,0.0,0.0,1.0,0.5064554214477539,1.0
68,2021-11-04,1.0,0.0,1.0,0.9378513693809509,0.0,0.8185219764709473,2.0,0.9378513693809509,1.0
69,2021-11-08,2.0,0.0,0.0,0.7301336228847504,0.0,0.0,2.0,1.4602672457695007,1.0
70,2021-11-09,4.0,3.0,1.0,0.9378391355276108,0.789646565914154,0.49685603380203247,8.0,1.382416844367981,0.14285714285714285
71,2021-11-10,1.0,2.0,2.0,0.9786210060119629,0.6705089062452316,0.9283722937107086,5.0,-0.36239680647850037,-0.3333333333333333
72,2021-11-17,1.0,0.0,1.0,0.9479796886444092,0.0,0.5727531313896179,2.0,0.9479796886444092,1.0
73,2021-11-23,1.0,1.0,0.0,0.7673538327217102,0.9594789147377014,0.0,2.0,-0.1921250820159912,0.0
74,2021-11-30,1.0,1.0,2.0,0.9322899580001831,0.6667732000350952,0.5598223805427551,4.0,0.2655167579650879,0.0
75,2021-12-06,1.0,2.0,1.0,0.410535603761673,0.928760290145874,0.7506475448608398,4.0,-1.446984976530075,-0.3333333333333333
76,2021-12-13,1.0,1.0,0.0,0.5224077701568604,0.6213291883468628,0.0,2.0,-0.09892141819000244,0.0
77,2021-12-15,1.0,0.0,1.0,0.41034215688705444,0.0,0.9915448427200317,2.0,0.41034215688705444,1.0
78,2021-12-17,1.0,0.0,0.0,0.9412057995796204,0.0,0.0,1.0,0.9412057995796204,1.0
79,2021-12-22,1.0,1.0,0.0,0.7870345711708069,0.9499343633651733,0.0,2.0,-0.16289979219436646,0.0
80,2022-01-04,1.0,0.0,1.0,0.8344085812568665,0.0,0.8767681121826172,2.0,0.8344085812568665,1.0
81,2022-01-16,2.0,0.0,0.0,0.9882997274398804,0.0,0.0,2.0,1.9765994548797607,1.0
82,2022-01-24,1.0,4.0,1.0,0.7906858921051025,0.9447082877159119,0.9839850068092346,6.0,-2.988147258758545,-0.6
83,2022-01-30,2.0,0.0,0.0,0.5927225351333618,0.0,0.0,2.0,1.1854450702667236,1.0
84,2022-02-07,3.0,0.0,1.0,0.7694923082987467,0.0,0.9113997220993042,4.0,2.3084769248962402,1.0
85,2022-02-09,1.0,0.0,0.0,0.6832963824272156,0.0,0.0,1.0,0.6832963824272156,1.0
86,2022-02-10,1.0,0.0,0.0,0.7962982058525085,0.0,0.0,1.0,0.7962982058525085,1.0
87,2022-02-14,2.0,0.0,2.0,0.5112715363502502,0.0,0.6680944412946701,4.0,1.0225430727005005,1.0
88,2022-02-18,1.0,0.0,0.0,0.6374421119689941,0.0,0.0,1.0,0.6374421119689941,1.0
89,2022-02-25,3.0,0.0,1.0,0.7711241245269775,0.0,0.9914990067481995,4.0,2.3133723735809326,1.0
90,2022-03-01,1.0,0.0,0.0,0.9097310304641724,0.0,0.0,1.0,0.9097310304641724,1.0
91,2022-03-14,1.0,0.0,0.0,0.8797350525856018,0.0,0.0,1.0,0.8797350525856018,1.0
92,2022-03-18,1.0,0.0,0.0,0.8801930546760559,0.0,0.0,1.0,0.8801930546760559,1.0
93,2022-03-25,2.0,0.0,2.0,0.6676594614982605,0.0,0.8594731092453003,4.0,1.335318922996521,1.0
94,2022-03-27,1.0,0.0,0.0,0.5097305178642273,0.0,0.0,1.0,0.5097305178642273,1.0
95,2022-03-28,3.0,2.0,3.0,0.9308301409085592,0.8401155173778534,0.5746275385220846,8.0,1.1122593879699707,0.2
96,2022-03-29,1.0,0.0,1.0,0.5951383709907532,0.0,0.6133664846420288,2.0,0.5951383709907532,1.0
97,2022-03-30,1.0,0.0,1.0,0.9693799614906311,0.0,0.6602798104286194,2.0,0.9693799614906311,1.0
98,2022-03-31,2.0,0.0,1.0,0.649122416973114,0.0,0.655080258846283,3.0,1.298244833946228,1.0
99,2022-04-05,1.0,1.0,2.0,0.9330690503120422,0.9559090733528137,0.8803697228431702,4.0,-0.022840023040771484,0.0
100,2022-04-21,1.0,0.0,3.0,0.7352616786956787,0.0,0.9245723088582357,4.0,0.7352616786956787,1.0
101,2022-04-27,1.0,0.0,1.0,0.5072063207626343,0.0,0.6872619390487671,2.0,0.5072063207626343,1.0
102,2022-05-02,1.0,0.0,0.0,0.6738331317901611,0.0,0.0,1.0,0.6738331317901611,1.0
103,2022-05-03,1.0,4.0,1.0,0.8327697515487671,0.8995819985866547,0.8079752922058105,6.0,-2.7655582427978516,-0.6
104,2022-05-05,1.0,2.0,3.0,0.7320629358291626,0.9420340061187744,0.8273316621780396,6.0,-1.1520050764083862,-0.3333333333333333
105,2022-05-11,3.0,1.0,5.0,0.8754414717356364,0.9728767275810242,0.9187543749809265,9.0,1.653447687625885,0.5
106,2022-05-13,1.0,0.0,1.0,0.8980506062507629,0.0,0.7792307734489441,2.0,0.8980506062507629,1.0
107,2022-05-14,1.0,1.0,2.0,0.7164480090141296,0.8632869124412537,0.7329297810792923,4.0,-0.14683890342712402,0.0
108,2022-05-16,1.0,3.0,1.0,0.7587302327156067,0.8124903639157613,0.8554929494857788,5.0,-1.6787408590316772,-0.5
109,2022-05-23,1.0,1.0,0.0,0.7266752123832703,0.5460756421089172,0.0,2.0,0.18059957027435303,0.0
110,2022-05-24,1.0,0.0,1.0,0.6861168146133423,0.0,0.9341270923614502,2.0,0.6861168146133423,1.0
111,2022-05-31,3.0,0.0,0.0,0.9082958698272705,0.0,0.0,3.0,2.7248876094818115,1.0
112,2022-06-03,1.0,3.0,0.0,0.9543130397796631,0.9367257356643677,0.0,4.0,-1.85586416721344,-0.5
113,2022-06-06,1.0,2.0,1.0,0.6114183068275452,0.6767167448997498,0.9488949179649353,4.0,-0.7420151829719543,-0.3333333333333333
114,2022-06-08,1.0,0.0,0.0,0.5627386569976807,0.0,0.0,1.0,0.5627386569976807,1.0
115,2022-06-10,1.0,2.0,0.0,0.8973847031593323,0.9544430673122406,0.0,3.0,-1.011501431465149,-0.3333333333333333
116,2022-06-21,2.0,3.0,0.0,0.8531873226165771,0.7526423235734304,0.0,5.0,-0.5515523254871368,-0.2
117,2022-06-22,2.0,2.0,2.0,0.7509115636348724,0.9830372333526611,0.8978594243526459,6.0,-0.4642513394355774,0.0
118,2022-06-28,1.0,0.0,0.0,0.5525391101837158,0.0,0.0,1.0,0.5525391101837158,1.0
119,2022-07-07,2.0,1.0,0.0,0.7665053009986877,0.7425237894058228,0.0,3.0,0.7904868125915527,0.3333333333333333
120,2022-07-08,1.0,1.0,0.0,0.9470499753952026,0.8450210690498352,0.0,2.0,0.10202890634536743,0.0
121,2022-07-09,1.0,0.0,0.0,0.9536824226379395,0.0,0.0,1.0,0.9536824226379395,1.0
122,2022-07-18,5.0,1.0,2.0,0.8659515023231507,0.8694925904273987,0.9310750961303711,8.0,3.4602649211883545,0.6666666666666666
123,2022-07-19,1.0,0.0,1.0,0.9338182806968689,0.0,0.6896241903305054,2.0,0.9338182806968689,1.0
124,2022-07-20,3.0,0.0,0.0,0.8010596434275309,0.0,0.0,3.0,2.4031789302825928,1.0
125,2022-07-25,3.0,3.0,0.0,0.8697587847709656,0.9524802168210348,0.0,6.0,-0.24816429615020752,0.0
126,2022-07-27,1.0,0.0,0.0,0.6399339437484741,0.0,0.0,1.0,0.6399339437484741,1.0
127,2022-07-28,1.0,0.0,0.0,0.7186370491981506,0.0,0.0,1.0,0.7186370491981506,1.0
128,2022-07-29,1.0,0.0,1.0,0.5333117246627808,0.0,0.6387935876846313,2.0,0.5333117246627808,1.0
129,2022-08-02,1.0,1.0,0.0,0.9620879888534546,0.9706435203552246,0.0,2.0,-0.00855553150177002,0.0
130,2022-08-04,4.0,1.0,0.0,0.793916791677475,0.8523216247558594,0.0,5.0,2.3233455419540405,0.6
131,2022-08-05,2.0,0.0,0.0,0.9093708097934723,0.0,0.0,2.0,1.8187416195869446,1.0
132,2022-08-08,1.0,1.0,0.0,0.8722169995307922,0.9378701448440552,0.0,2.0,-0.06565314531326294,0.0
133,2022-08-09,1.0,1.0,1.0,0.9649443626403809,0.4784279465675354,0.938188374042511,3.0,0.48651641607284546,0.0
134,2022-08-10,3.0,0.0,1.0,0.8098793824513754,0.0,0.936553418636322,4.0,2.429638147354126,1.0
135,2022-08-12,1.0,0.0,0.0,0.8403934836387634,0.0,0.0,1.0,0.8403934836387634,1.0
136,2022-08-15,2.0,0.0,1.0,0.8469984829425812,0.0,0.9658440947532654,3.0,1.6939969658851624,1.0
137,2022-08-17,1.0,1.0,1.0,0.9570419788360596,0.9742231369018555,0.84510338306427,3.0,-0.0171811580657959,0.0
138,2022-08-18,1.0,2.0,1.0,0.9570419788360596,0.9722039997577667,0.9574251770973206,4.0,-0.9873660206794739,-0.3333333333333333
139,2022-08-31,2.0,0.0,0.0,0.8084044754505157,0.0,0.0,2.0,1.6168089509010315,1.0
140,2022-09-19,1.0,1.0,0.0,0.6029331684112549,0.9277107119560242,0.0,2.0,-0.3247775435447693,0.0
141,2022-09-20,2.0,0.0,0.0,0.7123375833034515,0.0,0.0,2.0,1.424675166606903,1.0
142,2022-09-27,1.0,0.0,0.0,0.8709449172019958,0.0,0.0,1.0,0.8709449172019958,1.0
143,2022-10-03,1.0,0.0,0.0,0.5215595364570618,0.0,0.0,1.0,0.5215595364570618,1.0
144,2022-10-04,3.0,0.0,1.0,0.7707980672518412,0.0,0.8690679669380188,4.0,2.3123942017555237,1.0
145,2022-10-11,3.0,0.0,2.0,0.7323017319043478,0.0,0.6077792942523956,5.0,2.196905195713043,1.0
146,2022-10-12,1.0,0.0,2.0,0.5115367770195007,0.0,0.8949345350265503,3.0,0.5115367770195007,1.0
147,2022-10-25,1.0,0.0,0.0,0.7167966365814209,0.0,0.0,1.0,0.7167966365814209,1.0
148,2022-10-26,1.0,0.0,0.0,0.5759042501449585,0.0,0.0,1.0,0.5759042501449585,1.0
149,2022-11-04,1.0,0.0,0.0,0.9177009463310242,0.0,0.0,1.0,0.9177009463310242,1.0
150,2022-11-05,1.0,0.0,0.0,0.6035471558570862,0.0,0.0,1.0,0.6035471558570862,1.0
151,2022-11-10,1.0,4.0,0.0,0.5152109861373901,0.8797825872898102,0.0,5.0,-3.0039193630218506,-0.6
152,2022-11-14,1.0,1.0,1.0,0.8973847031593323,0.9109060764312744,0.5759608745574951,3.0,-0.013521373271942139,0.0
153,2022-11-23,1.0,0.0,3.0,0.9303022623062134,0.0,0.7710354129473368,4.0,0.9303022623062134,1.0
154,2022-11-30,1.0,0.0,1.0,0.6104357242584229,0.0,0.6970821619033813,2.0,0.6104357242584229,1.0
155,2022-12-02,1.0,1.0,0.0,0.7996792197227478,0.9008688926696777,0.0,2.0,-0.10118967294692993,0.0
156,2022-12-05,1.0,0.0,1.0,0.6273360848426819,0.0,0.8159801363945007,2.0,0.6273360848426819,1.0
157,2022-12-09,1.0,0.0,1.0,0.5201861262321472,0.0,0.49243879318237305,2.0,0.5201861262321472,1.0
158,2022-12-19,1.0,1.0,1.0,0.830073893070221,0.9483791589736938,0.7752909064292908,3.0,-0.1183052659034729,0.0
159,2022-12-23,1.0,0.0,1.0,0.9321633577346802,0.0,0.6184290647506714,2.0,0.9321633577346802,1.0
160,2023-01-09,2.0,0.0,1.0,0.8632233440876007,0.0,0.43844661116600037,3.0,1.7264466881752014,1.0
161,2023-01-10,1.0,0.0,1.0,0.9067882895469666,0.0,0.964485764503479,2.0,0.9067882895469666,1.0
162,2023-01-11,1.0,1.0,0.0,0.7955015301704407,0.8682122826576233,0.0,2.0,-0.07271075248718262,0.0
163,2023-01-12,2.0,0.0,1.0,0.8981578946113586,0.0,0.6411604881286621,3.0,1.7963157892227173,1.0
164,2023-01-13,1.0,1.0,1.0,0.5622888803482056,0.8847066760063171,0.5407955646514893,3.0,-0.3224177956581116,0.0
165,2023-01-16,1.0,0.0,0.0,0.657593309879303,0.0,0.0,1.0,0.657593309879303,1.0
166,2023-01-17,3.0,0.0,1.0,0.68756103515625,0.0,0.4859776496887207,4.0,2.06268310546875,1.0
167,2023-01-20,1.0,1.0,0.0,0.817031979560852,0.9515778422355652,0.0,2.0,-0.13454586267471313,0.0
168,2023-01-21,2.0,0.0,0.0,0.9580975770950317,0.0,0.0,2.0,1.9161951541900635,1.0
169,2023-01-23,1.0,1.0,2.0,0.7637980580329895,0.497907429933548,0.7389656901359558,4.0,0.26589062809944153,0.0
170,2023-01-24,1.0,1.0,3.0,0.9495325088500977,0.9336059093475342,0.7047072450319926,5.0,0.015926599502563477,0.0
171,2023-01-31,1.0,0.0,0.0,0.5725788474082947,0.0,0.0,1.0,0.5725788474082947,1.0
172,2023-02-02,3.0,0.0,0.0,0.7069873611132304,0.0,0.0,3.0,2.120962083339691,1.0
173,2023-02-09,1.0,1.0,2.0,0.9865338802337646,0.9456365704536438,0.9400879740715027,4.0,0.04089730978012085,0.0
174,2023-02-10,2.0,0.0,0.0,0.7411045432090759,0.0,0.0,2.0,1.4822090864181519,1.0
175,2023-02-16,1.0,0.0,1.0,0.9258376955986023,0.0,0.8592629432678223,2.0,0.9258376955986023,1.0
176,2023-02-21,1.0,0.0,0.0,0.7471616268157959,0.0,0.0,1.0,0.7471616268157959,1.0
177,2023-02-27,1.0,1.0,1.0,0.8112139701843262,0.9903372526168823,0.7180307507514954,3.0,-0.17912328243255615,0.0
178,2023-03-02,1.0,0.0,1.0,0.5801516771316528,0.0,0.8276852965354919,2.0,0.5801516771316528,1.0
179,2023-03-08,1.0,0.0,1.0,0.5736371278762817,0.0,0.9767611026763916,2.0,0.5736371278762817,1.0
180,2023-03-09,2.0,2.0,0.0,0.8630380034446716,0.8748152256011963,0.0,4.0,-0.023554444313049316,0.0
181,2023-03-13,1.0,0.0,0.0,0.8255451917648315,0.0,0.0,1.0,0.8255451917648315,1.0
182,2023-03-14,4.0,0.0,0.0,0.7569766640663147,0.0,0.0,4.0,3.027906656265259,1.0
183,2023-03-16,1.0,0.0,2.0,0.6187339425086975,0.0,0.6976898014545441,3.0,0.6187339425086975,1.0
184,2023-03-17,3.0,0.0,3.0,0.8147885998090109,0.0,0.7851515014966329,6.0,2.4443657994270325,1.0
185,2023-03-21,2.0,0.0,1.0,0.9241680204868317,0.0,0.9545502662658691,3.0,1.8483360409736633,1.0
186,2023-03-22,1.0,0.0,0.0,0.8670637011528015,0.0,0.0,1.0,0.8670637011528015,1.0
187,2023-03-23,1.0,0.0,2.0,0.5748953819274902,0.0,0.5970724821090698,3.0,0.5748953819274902,1.0
188,2023-03-27,1.0,2.0,1.0,0.6980352997779846,0.9769564270973206,0.7754612565040588,4.0,-1.2558775544166565,-0.3333333333333333
189,2023-03-29,2.0,0.0,1.0,0.7417588531970978,0.0,0.9162325859069824,3.0,1.4835177063941956,1.0
190,2023-03-30,1.0,1.0,0.0,0.9532484412193298,0.4034593403339386,0.0,2.0,0.5497891008853912,0.0
191,2023-03-31,1.0,0.0,1.0,0.9382243752479553,0.0,0.9097676277160645,2.0,0.9382243752479553,1.0
192,2023-04-03,1.0,0.0,2.0,0.8196544647216797,0.0,0.7440591156482697,3.0,0.8196544647216797,1.0
193,2023-04-05,1.0,1.0,0.0,0.6938962936401367,0.8161539435386658,0.0,2.0,-0.12225764989852905,0.0
194,2023-04-10,1.0,0.0,1.0,0.6763209700584412,0.0,0.9008083343505859,2.0,0.6763209700584412,1.0
195,2023-04-11,10.0,1.0,0.0,0.8016321003437042,0.9802342057228088,0.0,11.0,7.036086797714233,0.8181818181818182
196,2023-04-12,2.0,0.0,0.0,0.8921891152858734,0.0,0.0,2.0,1.7843782305717468,1.0
197,2023-04-13,1.0,1.0,3.0,0.7843019366264343,0.6890511512756348,0.6618635257085165,5.0,0.09525078535079956,0.0
198,2023-04-14,1.0,0.0,0.0,0.7270256876945496,0.0,0.0,1.0,0.7270256876945496,1.0
199,2023-04-18,1.0,0.0,2.0,0.715549111366272,0.0,0.94648677110672,3.0,0.715549111366272,1.0
200,2023-04-26,2.0,1.0,1.0,0.8152445256710052,0.9668005108833313,0.9734829664230347,4.0,0.6636885404586792,0.3333333333333333
201,2023-04-28,2.0,0.0,0.0,0.6639613807201385,0.0,0.0,2.0,1.327922761440277,1.0
202,2023-05-02,1.0,1.0,2.0,0.7287086248397827,0.7080609202384949,0.711754560470581,4.0,0.020647704601287842,0.0
203,2023-05-05,1.0,0.0,1.0,0.9804807305335999,0.0,0.8867000341415405,2.0,0.9804807305335999,1.0
204,2023-05-09,1.0,1.0,0.0,0.8432357311248779,0.9045460224151611,0.0,2.0,-0.0613102912902832,0.0
205,2023-05-15,1.0,0.0,1.0,0.5639289021492004,0.0,0.7665799856185913,2.0,0.5639289021492004,1.0
206,2023-05-16,2.0,1.0,0.0,0.7402626276016235,0.3872946500778198,0.0,3.0,1.0932306051254272,0.3333333333333333
207,2023-05-23,1.0,0.0,1.0,0.9759189486503601,0.0,0.7097584009170532,2.0,0.9759189486503601,1.0
208,2023-05-25,1.0,1.0,0.0,0.645685613155365,0.9667043685913086,0.0,2.0,-0.3210187554359436,0.0
209,2023-05-28,1.0,0.0,1.0,0.9490830302238464,0.0,0.8549307584762573,2.0,0.9490830302238464,1.0
210,2023-06-07,1.0,0.0,3.0,0.9478192329406738,0.0,0.8327293992042542,4.0,0.9478192329406738,1.0
211,2023-06-08,1.0,1.0,3.0,0.8902744054794312,0.9350320100784302,0.677873969078064,5.0,-0.04475760459899902,0.0
212,2023-06-09,1.0,0.0,1.0,0.4969363808631897,0.0,0.9610385894775391,2.0,0.4969363808631897,1.0
213,2023-06-10,1.0,1.0,0.0,0.8780035972595215,0.7877252101898193,0.0,2.0,0.09027838706970215,0.0
214,2023-06-16,3.0,0.0,3.0,0.62833704551061,0.0,0.8198606769243876,6.0,1.8850111365318298,1.0
215,2023-06-21,4.0,1.0,3.0,0.7849961519241333,0.6822751760482788,0.8094421029090881,8.0,2.4577094316482544,0.6
216,2023-06-22,2.0,1.0,2.0,0.813430517911911,0.5031379461288452,0.9674098491668701,5.0,1.1237230896949768,0.3333333333333333
217,2023-06-23,3.0,0.0,0.0,0.9331101179122925,0.0,0.0,3.0,2.7993303537368774,1.0
218,2023-06-26,1.0,1.0,2.0,0.6632927060127258,0.8072605729103088,0.9720245599746704,4.0,-0.143967866897583,0.0
219,2023-06-27,1.0,0.0,0.0,0.8190433979034424,0.0,0.0,1.0,0.8190433979034424,1.0
220,2023-06-28,2.0,0.0,1.0,0.8175868093967438,0.0,0.9662951231002808,3.0,1.6351736187934875,1.0
221,2023-06-29,1.0,2.0,2.0,0.7889988422393799,0.9428455233573914,0.7910338640213013,5.0,-1.0966922044754028,-0.3333333333333333
222,2023-07-02,1.0,0.0,1.0,0.9099678993225098,0.0,0.7488923072814941,2.0,0.9099678993225098,1.0
223,2023-07-03,4.0,0.0,5.0,0.7629203647375107,0.0,0.7813972473144531,9.0,3.0516814589500427,1.0
224,2023-07-04,2.0,1.0,2.0,0.8268601596355438,0.8958486914634705,0.6942062377929688,5.0,0.7578716278076172,0.3333333333333333
225,2023-07-05,2.0,1.0,1.0,0.7323009967803955,0.5890159606933594,0.9592847228050232,4.0,0.8755860328674316,0.3333333333333333
226,2023-07-06,2.0,0.0,3.0,0.7606547474861145,0.0,0.8657663861910502,5.0,1.521309494972229,1.0
227,2023-07-07,1.0,0.0,2.0,0.902449369430542,0.0,0.9173368513584137,3.0,0.902449369430542,1.0
228,2023-07-08,2.0,0.0,1.0,0.7859511077404022,0.0,0.9377399682998657,3.0,1.5719022154808044,1.0
229,2023-07-10,3.0,0.0,3.0,0.7484608093897501,0.0,0.7372719446818033,6.0,2.2453824281692505,1.0
230,2023-07-11,3.0,0.0,1.0,0.9716174999872843,0.0,0.6228280067443848,4.0,2.914852499961853,1.0
231,2023-07-12,2.0,0.0,0.0,0.8455171287059784,0.0,0.0,2.0,1.6910342574119568,1.0
232,2023-07-13,3.0,1.0,1.0,0.725610097249349,0.7235892415046692,0.9585931897163391,5.0,1.4532410502433777,0.5
233,2023-07-14,1.0,1.0,3.0,0.736477792263031,0.9582165479660034,0.7775747974713644,5.0,-0.2217387557029724,0.0
234,2023-07-19,2.0,0.0,1.0,0.7278184592723846,0.0,0.8300399780273438,3.0,1.4556369185447693,1.0
235,2023-07-20,1.0,1.0,3.0,0.790397584438324,0.9925563931465149,0.7888450622558594,5.0,-0.20215880870819092,0.0
236,2023-07-21,2.0,1.0,1.0,0.8988628387451172,0.9748426675796509,0.6777421832084656,4.0,0.8228830099105835,0.3333333333333333
237,2023-07-28,1.0,0.0,0.0,0.7039065957069397,0.0,0.0,1.0,0.7039065957069397,1.0
238,2023-07-31,1.0,2.0,4.0,0.822476327419281,0.8457720279693604,0.7619161158800125,7.0,-0.8690677285194397,-0.3333333333333333
239,2023-08-02,1.0,0.0,1.0,0.6694502830505371,0.0,0.8978058695793152,2.0,0.6694502830505371,1.0
240,2023-08-16,1.0,0.0,2.0,0.8301357626914978,0.0,0.9663117229938507,3.0,0.8301357626914978,1.0
241,2023-08-21,1.0,0.0,0.0,0.897741973400116,0.0,0.0,1.0,0.897741973400116,1.0
242,2023-08-22,1.0,0.0,1.0,0.656745433807373,0.0,0.983112633228302,2.0,0.656745433807373,1.0
243,2023-08-24,1.0,0.0,0.0,0.6660314202308655,0.0,0.0,1.0,0.6660314202308655,1.0
244,2023-08-29,6.0,1.0,5.0,0.8759516576925913,0.5061262845993042,0.8760017037391663,12.0,4.749583661556244,0.7142857142857143
245,2023-08-30,4.0,1.0,5.0,0.786040186882019,0.9048556089401245,0.6969938397407531,10.0,2.2393051385879517,0.6
246,2023-09-06,2.0,1.0,0.0,0.888438493013382,0.8140828013420105,0.0,3.0,0.9627941846847534,0.3333333333333333
247,2023-09-12,2.0,2.0,1.0,0.6094920039176941,0.8922034800052643,0.6322224140167236,5.0,-0.5654229521751404,0.0
248,2023-09-14,1.0,0.0,1.0,0.5954468250274658,0.0,0.9767584800720215,2.0,0.5954468250274658,1.0
249,2023-09-20,1.0,1.0,2.0,0.6620100140571594,0.8558722138404846,0.7139584720134735,4.0,-0.1938621997833252,0.0
250,2023-09-22,1.0,2.0,0.0,0.9540148973464966,0.7036873698234558,0.0,3.0,-0.45335984230041504,-0.3333333333333333
251,2023-09-25,1.0,0.0,2.0,0.6934564709663391,0.0,0.9721716642379761,3.0,0.6934564709663391,1.0
252,2023-10-02,3.0,0.0,0.0,0.9166586796442667,0.0,0.0,3.0,2.7499760389328003,1.0
253,2023-10-12,1.0,0.0,1.0,0.5550258159637451,0.0,0.9620431065559387,2.0,0.5550258159637451,1.0
254,2023-10-16,4.0,0.0,1.0,0.8253405392169952,0.0,0.9715263247489929,5.0,3.301362156867981,1.0
255,2023-10-18,2.0,1.0,1.0,0.6258188486099243,0.8409672379493713,0.6481067538261414,4.0,0.4106704592704773,0.3333333333333333
256,2023-10-20,4.0,0.0,1.0,0.8885140269994736,0.0,0.5538003444671631,5.0,3.5540561079978943,1.0
257,2023-10-22,1.0,0.0,0.0,0.6858037114143372,0.0,0.0,1.0,0.6858037114143372,1.0
258,2023-10-23,4.0,0.0,2.0,0.8016102761030197,0.0,0.7190559506416321,6.0,3.206441104412079,1.0
259,2023-10-24,6.0,1.0,5.0,0.8289271791776022,0.8900722861289978,0.7880910217761994,12.0,4.083490788936615,0.7142857142857143
260,2023-10-25,1.0,0.0,1.0,0.9501441717147827,0.0,0.9764553904533386,2.0,0.9501441717147827,1.0
261,2023-10-26,2.0,1.0,1.0,0.8193081915378571,0.9667127132415771,0.8159988522529602,4.0,0.671903669834137,0.3333333333333333
262,2023-10-27,2.0,0.0,0.0,0.8060532212257385,0.0,0.0,2.0,1.612106442451477,1.0
263,2023-10-30,1.0,0.0,0.0,0.7582310438156128,0.0,0.0,1.0,0.7582310438156128,1.0
264,2023-10-31,1.0,0.0,1.0,0.7833585739135742,0.0,0.6366351842880249,2.0,0.7833585739135742,1.0
265,2023-11-01,1.0,0.0,0.0,0.6974198818206787,0.0,0.0,1.0,0.6974198818206787,1.0
266,2023-11-02,1.0,0.0,1.0,0.8614487648010254,0.0,0.5010568499565125,2.0,0.8614487648010254,1.0
267,2023-11-09,5.0,0.0,1.0,0.8944624543190003,0.0,0.9727327823638916,6.0,4.472312271595001,1.0
268,2023-11-15,2.0,0.0,1.0,0.7488884031772614,0.0,0.983647882938385,3.0,1.4977768063545227,1.0
269,2023-11-20,5.0,1.0,0.0,0.8883596420288086,0.4175330400466919,0.0,6.0,4.024265170097351,0.6666666666666666
270,2023-11-21,1.0,3.0,0.0,0.9474983215332031,0.6643539667129517,0.0,4.0,-1.0455635786056519,-0.5
271,2023-11-23,1.0,0.0,0.0,0.7658246159553528,0.0,0.0,1.0,0.7658246159553528,1.0
272,2023-11-24,4.0,0.0,1.0,0.7331281751394272,0.0,0.8791524171829224,5.0,2.9325127005577087,1.0
273,2023-11-27,1.0,0.0,1.0,0.9255464673042297,0.0,0.8923423290252686,2.0,0.9255464673042297,1.0
274,2023-11-29,1.0,1.0,3.0,0.809469997882843,0.9677221775054932,0.768392284711202,5.0,-0.15825217962265015,0.0
275,2023-12-01,5.0,0.0,1.0,0.9100705146789551,0.0,0.9723118543624878,6.0,4.550352573394775,1.0
276,2023-12-04,4.0,0.0,4.0,0.9426840841770172,0.0,0.8051956444978714,8.0,3.770736336708069,1.0
277,2023-12-05,4.0,1.0,1.0,0.7590891122817993,0.8727980852127075,0.9425370693206787,6.0,2.1635583639144897,0.6
278,2023-12-06,5.0,0.0,3.0,0.8565640091896057,0.0,0.8339388370513916,8.0,4.282820045948029,1.0
279,2023-12-07,1.0,0.0,2.0,0.8376651406288147,0.0,0.8080627024173737,3.0,0.8376651406288147,1.0
280,2023-12-08,1.0,0.0,0.0,0.5043811798095703,0.0,0.0,1.0,0.5043811798095703,1.0
281,2023-12-11,1.0,4.0,2.0,0.5247775316238403,0.9505759030580521,0.6923121511936188,7.0,-3.277526080608368,-0.6
282,2023-12-13,1.0,0.0,2.0,0.6815029978752136,0.0,0.9046872854232788,3.0,0.6815029978752136,1.0
283,2023-12-14,1.0,0.0,0.0,0.5081278681755066,0.0,0.0,1.0,0.5081278681755066,1.0
284,2023-12-18,1.0,1.0,2.0,0.7307832837104797,0.9208586812019348,0.971345841884613,4.0,-0.19007539749145508,0.0
285,2023-12-19,2.0,0.0,1.0,0.6388709843158722,0.0,0.9820974469184875,3.0,1.2777419686317444,1.0
286,2023-12-20,1.0,0.0,0.0,0.9759402871131897,0.0,0.0,1.0,0.9759402871131897,1.0
287,2023-12-23,1.0,0.0,0.0,0.9821354150772095,0.0,0.0,1.0,0.9821354150772095,1.0
288,2023-12-26,1.0,0.0,1.0,0.8471200466156006,0.0,0.8496736884117126,2.0,0.8471200466156006,1.0
289,2023-12-27,4.0,0.0,0.0,0.8805752545595169,0.0,0.0,4.0,3.5223010182380676,1.0
290,2023-12-28,1.0,0.0,7.0,0.6278998851776123,0.0,0.8252619079181126,8.0,0.6278998851776123,1.0
291,2024-01-02,2.0,0.0,2.0,0.8950940668582916,0.0,0.867927610874176,4.0,1.7901881337165833,1.0
292,2024-01-03,1.0,1.0,0.0,0.8851291537284851,0.8992940783500671,0.0,2.0,-0.014164924621582031,0.0
293,2024-01-04,2.0,0.0,1.0,0.8547767996788025,0.0,0.7600244283676147,3.0,1.709553599357605,1.0
294,2024-01-05,1.0,0.0,1.0,0.6711003184318542,0.0,0.6972073912620544,2.0,0.6711003184318542,1.0
295,2024-01-06,1.0,0.0,3.0,0.8946768045425415,0.0,0.7928745746612549,4.0,0.8946768045425415,1.0
296,2024-01-08,1.0,0.0,3.0,0.7406641244888306,0.0,0.708801249663035,4.0,0.7406641244888306,1.0
297,2024-01-09,1.0,0.0,2.0,0.6656152606010437,0.0,0.778281182050705,3.0,0.6656152606010437,1.0
298,2024-01-10,1.0,2.0,3.0,0.6600677371025085,0.8241251409053802,0.9305903712908427,6.0,-0.988182544708252,-0.3333333333333333
299,2024-01-11,10.0,0.0,5.0,0.857044517993927,0.0,0.6932985723018646,15.0,8.57044517993927,1.0
300,2024-01-12,1.0,1.0,4.0,0.7522527575492859,0.9400730133056641,0.6104123145341873,6.0,-0.18782025575637817,0.0
301,2024-01-14,1.0,0.0,2.0,0.5174990296363831,0.0,0.8359604179859161,3.0,0.5174990296363831,1.0
302,2024-01-17,1.0,2.0,0.0,0.7684450745582581,0.7870005667209625,0.0,3.0,-0.805556058883667,-0.3333333333333333
303,2024-01-19,1.0,0.0,2.0,0.6828717589378357,0.0,0.9492003619670868,3.0,0.6828717589378357,1.0
304,2024-01-21,3.0,0.0,2.0,0.8073955575625101,0.0,0.8727257251739502,5.0,2.4221866726875305,1.0
305,2024-01-22,1.0,1.0,3.0,0.5154975652694702,0.9624209403991699,0.6403739253679911,5.0,-0.4469233751296997,0.0
306,2024-01-25,1.0,0.0,0.0,0.8355574011802673,0.0,0.0,1.0,0.8355574011802673,1.0
307,2024-01-26,1.0,2.0,0.0,0.9724550247192383,0.7553440034389496,0.0,3.0,-0.5382329821586609,-0.3333333333333333
308,2024-01-27,1.0,0.0,2.0,0.89738529920578,0.0,0.6956508755683899,3.0,0.89738529920578,1.0
309,2024-01-29,2.0,0.0,2.0,0.802011251449585,0.0,0.9586796760559082,4.0,1.60402250289917,1.0
310,2024-02-05,1.0,0.0,3.0,0.8967730402946472,0.0,0.8680721322695414,4.0,0.8967730402946472,1.0
311,2024-02-06,1.0,0.0,0.0,0.742421567440033,0.0,0.0,1.0,0.742421567440033,1.0
312,2024-02-08,1.0,1.0,0.0,0.9341574907302856,0.6365684270858765,0.0,2.0,0.2975890636444092,0.0
313,2024-02-09,3.0,0.0,0.0,0.8175382018089294,0.0,0.0,3.0,2.4526146054267883,1.0
314,2024-02-10,2.0,0.0,0.0,0.9330088198184967,0.0,0.0,2.0,1.8660176396369934,1.0
315,2024-02-12,3.0,1.0,0.0,0.9026728669802347,0.9132959842681885,0.0,4.0,1.7947226166725159,0.5
316,2024-02-13,1.0,0.0,0.0,0.7314860224723816,0.0,0.0,1.0,0.7314860224723816,1.0
317,2024-02-14,2.0,0.0,2.0,0.6396957635879517,0.0,0.5620520114898682,4.0,1.2793915271759033,1.0
318,2024-02-15,3.0,0.0,1.0,0.962619960308075,0.0,0.5341450572013855,4.0,2.887859880924225,1.0
319,2024-02-16,3.0,0.0,0.0,0.9380547404289246,0.0,0.0,3.0,2.8141642212867737,1.0
320,2024-02-20,1.0,0.0,0.0,0.7097065448760986,0.0,0.0,1.0,0.7097065448760986,1.0
321,2024-02-22,1.0,0.0,0.0,0.6061904430389404,0.0,0.0,1.0,0.6061904430389404,1.0
322,2024-02-26,3.0,0.0,1.0,0.7838675379753113,0.0,0.7980290055274963,4.0,2.351602613925934,1.0
323,2024-02-27,8.0,0.0,1.0,0.8248199820518494,0.0,0.970619261264801,9.0,6.598559856414795,1.0
324,2024-02-28,6.0,1.0,2.0,0.786893496910731,0.9776033163070679,0.6687495112419128,9.0,3.743757665157318,0.7142857142857143
325,2024-02-29,1.0,2.0,1.0,0.8869394063949585,0.5904265344142914,0.7622734904289246,4.0,-0.29391366243362427,-0.3333333333333333
326,2024-03-04,6.0,1.0,4.0,0.8359954754511515,0.9127708673477173,0.8194350749254227,11.0,4.103201985359192,0.7142857142857143
327,2024-03-05,1.0,1.0,3.0,0.9789142608642578,0.6442543864250183,0.8181297977765402,5.0,0.3346598744392395,0.0
328,2024-03-06,1.0,1.0,2.0,0.8519055843353271,0.42941489815711975,0.8365722000598907,4.0,0.4224906861782074,0.0
329,2024-03-07,1.0,0.0,0.0,0.9630267024040222,0.0,0.0,1.0,0.9630267024040222,1.0
330,2024-03-08,3.0,1.0,0.0,0.774210512638092,0.9759905934333801,0.0,4.0,1.346640944480896,0.5
331,2024-03-11,9.0,0.0,1.0,0.7985689110226102,0.0,0.8719730377197266,10.0,7.187120199203491,1.0
332,2024-03-12,3.0,0.0,1.0,0.821627140045166,0.0,0.9017664194107056,4.0,2.464881420135498,1.0
333,2024-03-13,1.0,1.0,1.0,0.6840623021125793,0.6429954767227173,0.9394734501838684,3.0,0.04106682538986206,0.0
334,2024-03-14,2.0,0.0,1.0,0.8653813004493713,0.0,0.6087867021560669,3.0,1.7307626008987427,1.0
335,2024-03-19,1.0,3.0,1.0,0.8564921021461487,0.8644220034281412,0.9439759254455566,5.0,-1.7367739081382751,-0.5
336,2021-05-02,0.0,1.0,0.0,0.0,0.8411611914634705,0.0,1.0,-0.8411611914634705,-1.0
337,2021-05-03,0.0,1.0,1.0,0.0,0.5173559784889221,0.9771398901939392,2.0,-0.5173559784889221,-1.0
338,2021-05-05,0.0,1.0,2.0,0.0,0.8270742297172546,0.9006568193435669,3.0,-0.8270742297172546,-1.0
339,2021-05-14,0.0,1.0,0.0,0.0,0.7799412608146667,0.0,1.0,-0.7799412608146667,-1.0
340,2021-05-17,0.0,4.0,3.0,0.0,0.9197022318840027,0.74273282289505,7.0,-3.6788089275360107,-1.0
341,2021-05-21,0.0,7.0,1.0,0.0,0.7638088294437954,0.9617514610290527,8.0,-5.346661806106567,-1.0
342,2021-05-23,0.0,5.0,0.0,0.0,0.9057327628135681,0.0,5.0,-4.528663814067841,-1.0
343,2021-05-26,0.0,1.0,0.0,0.0,0.9501564502716064,0.0,1.0,-0.9501564502716064,-1.0
344,2021-05-27,0.0,1.0,2.0,0.0,0.5643054246902466,0.7806216180324554,3.0,-0.5643054246902466,-1.0
345,2021-05-28,0.0,2.0,5.0,0.0,0.8051539957523346,0.7365689396858215,7.0,-1.6103079915046692,-1.0
346,2021-06-01,0.0,1.0,2.0,0.0,0.6864212155342102,0.845468133687973,3.0,-0.6864212155342102,-1.0
347,2021-06-04,0.0,3.0,0.0,0.0,0.9681525627772013,0.0,3.0,-2.904457688331604,-1.0
348,2021-06-07,0.0,1.0,4.0,0.0,0.8853735327720642,0.8846444487571716,5.0,-0.8853735327720642,-1.0
349,2021-06-09,0.0,3.0,2.0,0.0,0.7910354932149252,0.9020429849624634,5.0,-2.3731064796447754,-1.0
350,2021-06-16,0.0,1.0,2.0,0.0,0.8118892908096313,0.934499055147171,3.0,-0.8118892908096313,-1.0
351,2021-06-17,0.0,2.0,4.0,0.0,0.9174852967262268,0.9197666198015213,6.0,-1.8349705934524536,-1.0
352,2021-06-24,0.0,2.0,1.0,0.0,0.7652973234653473,0.9228852391242981,3.0,-1.5305946469306946,-1.0
353,2021-06-25,0.0,1.0,0.0,0.0,0.6363481283187866,0.0,1.0,-0.6363481283187866,-1.0
354,2021-06-27,0.0,1.0,0.0,0.0,0.7890597581863403,0.0,1.0,-0.7890597581863403,-1.0
355,2021-06-30,0.0,2.0,2.0,0.0,0.8457091450691223,0.8337290585041046,4.0,-1.6914182901382446,-1.0
356,2021-07-01,0.0,1.0,4.0,0.0,0.9890331029891968,0.8040715754032135,5.0,-0.9890331029891968,-1.0
357,2021-07-20,0.0,1.0,0.0,0.0,0.9744119048118591,0.0,1.0,-0.9744119048118591,-1.0
358,2021-08-26,0.0,1.0,0.0,0.0,0.9562107920646667,0.0,1.0,-0.9562107920646667,-1.0
359,2021-08-31,0.0,1.0,0.0,0.0,0.7965921759605408,0.0,1.0,-0.7965921759605408,-1.0
360,2021-09-07,0.0,4.0,3.0,0.0,0.8778272569179535,0.797253410021464,7.0,-3.511309027671814,-1.0
361,2021-09-08,0.0,3.0,3.0,0.0,0.9542740186055502,0.8104580243428549,6.0,-2.8628220558166504,-1.0
362,2021-09-10,0.0,1.0,1.0,0.0,0.5726554989814758,0.7094841599464417,2.0,-0.5726554989814758,-1.0
363,2021-09-13,0.0,1.0,1.0,0.0,0.5842260718345642,0.9292623400688171,2.0,-0.5842260718345642,-1.0
364,2021-09-14,0.0,2.0,0.0,0.0,0.9363332986831665,0.0,2.0,-1.872666597366333,-1.0
365,2021-09-20,0.0,2.0,0.0,0.0,0.8060888350009918,0.0,2.0,-1.6121776700019836,-1.0
366,2021-09-22,0.0,1.0,0.0,0.0,0.9344727993011475,0.0,1.0,-0.9344727993011475,-1.0
367,2021-09-24,0.0,2.0,2.0,0.0,0.8943054676055908,0.6860289871692657,4.0,-1.7886109352111816,-1.0
368,2021-09-29,0.0,1.0,0.0,0.0,0.9717337489128113,0.0,1.0,-0.9717337489128113,-1.0
369,2021-10-12,0.0,1.0,4.0,0.0,0.8132710456848145,0.7218493670225143,5.0,-0.8132710456848145,-1.0
370,2021-10-27,0.0,1.0,4.0,0.0,0.7662365436553955,0.8343369364738464,5.0,-0.7662365436553955,-1.0
371,2021-11-05,0.0,1.0,2.0,0.0,0.8811758160591125,0.645509660243988,3.0,-0.8811758160591125,-1.0
372,2021-11-11,0.0,1.0,2.0,0.0,0.9299619197845459,0.89804807305336,3.0,-0.9299619197845459,-1.0
373,2021-11-15,0.0,1.0,2.0,0.0,0.7210139036178589,0.7874140441417694,3.0,-0.7210139036178589,-1.0
374,2021-11-16,0.0,2.0,0.0,0.0,0.9449733793735504,0.0,2.0,-1.8899467587471008,-1.0
375,2021-11-18,0.0,1.0,0.0,0.0,0.8740459680557251,0.0,1.0,-0.8740459680557251,-1.0
376,2021-11-19,0.0,1.0,1.0,0.0,0.7547741532325745,0.7614665031433105,2.0,-0.7547741532325745,-1.0
377,2021-11-22,0.0,1.0,1.0,0.0,0.9443813562393188,0.741644024848938,2.0,-0.9443813562393188,-1.0
378,2021-11-28,0.0,1.0,0.0,0.0,0.974989652633667,0.0,1.0,-0.974989652633667,-1.0
379,2021-12-09,0.0,1.0,3.0,0.0,0.946198582649231,0.9196310043334961,4.0,-0.946198582649231,-1.0
380,2021-12-10,0.0,1.0,2.0,0.0,0.9488989114761353,0.675452321767807,3.0,-0.9488989114761353,-1.0
381,2021-12-28,0.0,3.0,0.0,0.0,0.9146754940350851,0.0,3.0,-2.744026482105255,-1.0
382,2021-12-31,0.0,1.0,1.0,0.0,0.8895212411880493,0.7246385812759399,2.0,-0.8895212411880493,-1.0
383,2022-01-03,0.0,1.0,1.0,0.0,0.9240694046020508,0.8880335092544556,2.0,-0.9240694046020508,-1.0
384,2022-01-05,0.0,1.0,2.0,0.0,0.8406787514686584,0.8342754244804382,3.0,-0.8406787514686584,-1.0
385,2022-01-07,0.0,1.0,1.0,0.0,0.812614381313324,0.3911152184009552,2.0,-0.812614381313324,-1.0
386,2022-01-10,0.0,1.0,0.0,0.0,0.9553295969963074,0.0,1.0,-0.9553295969963074,-1.0
387,2022-01-12,0.0,1.0,0.0,0.0,0.9474194645881653,0.0,1.0,-0.9474194645881653,-1.0
388,2022-01-15,0.0,1.0,1.0,0.0,0.9691961407661438,0.9598023295402527,2.0,-0.9691961407661438,-1.0
389,2022-01-17,0.0,1.0,0.0,0.0,0.6549831628799438,0.0,1.0,-0.6549831628799438,-1.0
390,2022-01-21,0.0,1.0,0.0,0.0,0.72121661901474,0.0,1.0,-0.72121661901474,-1.0
391,2022-01-22,0.0,2.0,0.0,0.0,0.9838473200798035,0.0,2.0,-1.967694640159607,-1.0
392,2022-01-23,0.0,1.0,0.0,0.0,0.7824758291244507,0.0,1.0,-0.7824758291244507,-1.0
393,2022-01-29,0.0,1.0,0.0,0.0,0.8739070892333984,0.0,1.0,-0.8739070892333984,-1.0
394,2022-02-03,0.0,1.0,0.0,0.0,0.6360629200935364,0.0,1.0,-0.6360629200935364,-1.0
395,2022-02-24,0.0,1.0,0.0,0.0,0.979792594909668,0.0,1.0,-0.979792594909668,-1.0
396,2022-03-04,0.0,3.0,0.0,0.0,0.9829047322273254,0.0,3.0,-2.9487141966819763,-1.0
397,2022-03-07,0.0,2.0,1.0,0.0,0.9221121370792389,0.875831127166748,3.0,-1.8442242741584778,-1.0
398,2022-03-10,0.0,2.0,0.0,0.0,0.9109783172607422,0.0,2.0,-1.8219566345214844,-1.0
399,2022-03-11,0.0,2.0,0.0,0.0,0.6192553639411926,0.0,2.0,-1.2385107278823853,-1.0
400,2022-03-19,0.0,1.0,0.0,0.0,0.6405524015426636,0.0,1.0,-0.6405524015426636,-1.0
401,2022-04-01,0.0,1.0,1.0,0.0,0.9626011848449707,0.8378072381019592,2.0,-0.9626011848449707,-1.0
402,2022-04-11,0.0,2.0,0.0,0.0,0.8446261286735535,0.0,2.0,-1.689252257347107,-1.0
403,2022-04-13,0.0,1.0,0.0,0.0,0.960121214389801,0.0,1.0,-0.960121214389801,-1.0
404,2022-04-17,0.0,1.0,0.0,0.0,0.8351172804832458,0.0,1.0,-0.8351172804832458,-1.0
405,2022-04-19,0.0,2.0,1.0,0.0,0.7106246650218964,0.9540397524833679,3.0,-1.4212493300437927,-1.0
406,2022-04-25,0.0,1.0,1.0,0.0,0.9124829173088074,0.9593305587768555,2.0,-0.9124829173088074,-1.0
407,2022-05-09,0.0,8.0,0.0,0.0,0.915320985019207,0.0,8.0,-7.322567880153656,-1.0
408,2022-05-10,0.0,3.0,0.0,0.0,0.9258140325546265,0.0,3.0,-2.7774420976638794,-1.0
409,2022-05-12,0.0,10.0,0.0,0.0,0.9562923312187195,0.0,10.0,-9.562923312187195,-1.0
410,2022-05-18,0.0,3.0,0.0,0.0,0.9224780599276224,0.0,3.0,-2.7674341797828674,-1.0
411,2022-05-20,0.0,4.0,0.0,0.0,0.9552775025367737,0.0,4.0,-3.8211100101470947,-1.0
412,2022-05-27,0.0,1.0,0.0,0.0,0.9527983069419861,0.0,1.0,-0.9527983069419861,-1.0
413,2022-06-01,0.0,1.0,1.0,0.0,0.9489383101463318,0.8818049430847168,2.0,-0.9489383101463318,-1.0
414,2022-06-07,0.0,1.0,0.0,0.0,0.9178149104118347,0.0,1.0,-0.9178149104118347,-1.0
415,2022-06-13,0.0,5.0,1.0,0.0,0.8683335900306701,0.6440689563751221,6.0,-4.341667950153351,-1.0
416,2022-06-14,0.0,6.0,3.0,0.0,0.9322887063026428,0.874850352605184,9.0,-5.593732237815857,-1.0
417,2022-06-15,0.0,4.0,2.0,0.0,0.9770218431949615,0.5613947212696075,6.0,-3.908087372779846,-1.0
418,2022-06-16,0.0,1.0,0.0,0.0,0.970764696598053,0.0,1.0,-0.970764696598053,-1.0
419,2022-06-17,0.0,2.0,1.0,0.0,0.8323282897472382,0.7612433433532715,3.0,-1.6646565794944763,-1.0
420,2022-06-18,0.0,3.0,1.0,0.0,0.945262610912323,0.8495805263519287,4.0,-2.835787832736969,-1.0
421,2022-06-20,0.0,2.0,1.0,0.0,0.7965156435966492,0.836968719959259,3.0,-1.5930312871932983,-1.0
422,2022-06-23,0.0,2.0,1.0,0.0,0.8279522061347961,0.8861591219902039,3.0,-1.6559044122695923,-1.0
423,2022-06-27,0.0,1.0,0.0,0.0,0.9524663090705872,0.0,1.0,-0.9524663090705872,-1.0
424,2022-06-30,0.0,5.0,1.0,0.0,0.9269807696342468,0.9742188453674316,6.0,-4.634903848171234,-1.0
425,2022-07-02,0.0,1.0,0.0,0.0,0.9888624548912048,0.0,1.0,-0.9888624548912048,-1.0
426,2022-07-04,0.0,1.0,0.0,0.0,0.8638111352920532,0.0,1.0,-0.8638111352920532,-1.0
427,2022-07-05,0.0,4.0,1.0,0.0,0.9647039920091629,0.8894121646881104,5.0,-3.8588159680366516,-1.0
428,2022-07-06,0.0,1.0,1.0,0.0,0.9649010896682739,0.8308495283126831,2.0,-0.9649010896682739,-1.0
429,2022-07-11,0.0,1.0,0.0,0.0,0.9240269660949707,0.0,1.0,-0.9240269660949707,-1.0
430,2022-07-12,0.0,1.0,0.0,0.0,0.9851694107055664,0.0,1.0,-0.9851694107055664,-1.0
431,2022-07-21,0.0,1.0,1.0,0.0,0.8938885927200317,0.9651447534561157,2.0,-0.8938885927200317,-1.0
432,2022-07-26,0.0,1.0,0.0,0.0,0.9736740589141846,0.0,1.0,-0.9736740589141846,-1.0
433,2022-07-30,0.0,1.0,1.0,0.0,0.7478653192520142,0.9748803973197937,2.0,-0.7478653192520142,-1.0
434,2022-08-14,0.0,1.0,0.0,0.0,0.7465442419052124,0.0,1.0,-0.7465442419052124,-1.0
435,2022-08-16,0.0,1.0,0.0,0.0,0.9663683772087097,0.0,1.0,-0.9663683772087097,-1.0
436,2022-08-19,0.0,5.0,0.0,0.0,0.9020120859146118,0.0,5.0,-4.510060429573059,-1.0
437,2022-08-26,0.0,1.0,1.0,0.0,0.966805100440979,0.9536526203155518,2.0,-0.966805100440979,-1.0
438,2022-08-27,0.0,1.0,0.0,0.0,0.7867612838745117,0.0,1.0,-0.7867612838745117,-1.0
439,2022-08-29,0.0,3.0,2.0,0.0,0.9550390442212423,0.7649387121200562,5.0,-2.865117132663727,-1.0
440,2022-08-30,0.0,1.0,1.0,0.0,0.9469447135925293,0.8789976835250854,2.0,-0.9469447135925293,-1.0
441,2022-09-01,0.0,1.0,0.0,0.0,0.965531587600708,0.0,1.0,-0.965531587600708,-1.0
442,2022-09-21,0.0,1.0,0.0,0.0,0.7218580842018127,0.0,1.0,-0.7218580842018127,-1.0
443,2022-09-29,0.0,1.0,0.0,0.0,0.7188055515289307,0.0,1.0,-0.7188055515289307,-1.0
444,2022-10-07,0.0,1.0,0.0,0.0,0.9343799352645874,0.0,1.0,-0.9343799352645874,-1.0
445,2022-10-14,0.0,1.0,0.0,0.0,0.9274107217788696,0.0,1.0,-0.9274107217788696,-1.0
446,2022-10-16,0.0,1.0,0.0,0.0,0.7127058506011963,0.0,1.0,-0.7127058506011963,-1.0
447,2022-10-18,0.0,1.0,1.0,0.0,0.9671319127082825,0.7024368643760681,2.0,-0.9671319127082825,-1.0
448,2022-10-27,0.0,1.0,1.0,0.0,0.8158139586448669,0.5474424362182617,2.0,-0.8158139586448669,-1.0
449,2022-11-02,0.0,2.0,0.0,0.0,0.976750522851944,0.0,2.0,-1.953501045703888,-1.0
450,2022-11-03,0.0,1.0,0.0,0.0,0.9909107089042664,0.0,1.0,-0.9909107089042664,-1.0
451,2022-11-08,0.0,4.0,3.0,0.0,0.9262522011995316,0.8721767663955688,7.0,-3.705008804798126,-1.0
452,2022-11-09,0.0,2.0,0.0,0.0,0.9478752911090851,0.0,2.0,-1.8957505822181702,-1.0
453,2022-11-11,0.0,4.0,1.0,0.0,0.9614666253328323,0.8680849671363831,5.0,-3.8458665013313293,-1.0
454,2022-11-18,0.0,1.0,0.0,0.0,0.8754115700721741,0.0,1.0,-0.8754115700721741,-1.0
455,2022-11-21,0.0,6.0,1.0,0.0,0.8864904244740804,0.9649273157119751,7.0,-5.318942546844482,-1.0
456,2022-11-22,0.0,2.0,2.0,0.0,0.9029842913150787,0.7473285496234894,4.0,-1.8059685826301575,-1.0
457,2022-11-25,0.0,1.0,0.0,0.0,0.954499363899231,0.0,1.0,-0.954499363899231,-1.0
458,2022-12-06,0.0,1.0,0.0,0.0,0.6945158243179321,0.0,1.0,-0.6945158243179321,-1.0
459,2022-12-08,0.0,2.0,0.0,0.0,0.8167740106582642,0.0,2.0,-1.6335480213165283,-1.0
460,2022-12-14,0.0,2.0,0.0,0.0,0.8876408934593201,0.0,2.0,-1.7752817869186401,-1.0
461,2022-12-16,0.0,2.0,1.0,0.0,0.7756152153015137,0.822246253490448,3.0,-1.5512304306030273,-1.0
462,2022-12-20,0.0,1.0,1.0,0.0,0.4972095787525177,0.681889533996582,2.0,-0.4972095787525177,-1.0
463,2023-01-19,0.0,2.0,1.0,0.0,0.82807457447052,0.9738569259643555,3.0,-1.65614914894104,-1.0
464,2023-01-27,0.0,1.0,0.0,0.0,0.881949782371521,0.0,1.0,-0.881949782371521,-1.0
465,2023-01-30,0.0,1.0,0.0,0.0,0.5077459216117859,0.0,1.0,-0.5077459216117859,-1.0
466,2023-02-06,0.0,1.0,0.0,0.0,0.8233606815338135,0.0,1.0,-0.8233606815338135,-1.0
467,2023-02-22,0.0,1.0,1.0,0.0,0.922936201095581,0.8882636427879333,2.0,-0.922936201095581,-1.0
468,2023-02-24,0.0,3.0,4.0,0.0,0.8628715674082438,0.9163834601640701,7.0,-2.5886147022247314,-1.0
469,2023-02-28,0.0,1.0,1.0,0.0,0.5456243753433228,0.9375701546669006,2.0,-0.5456243753433228,-1.0
470,2023-03-03,0.0,2.0,0.0,0.0,0.9108802676200867,0.0,2.0,-1.8217605352401733,-1.0
471,2023-03-18,0.0,1.0,0.0,0.0,0.9648146629333496,0.0,1.0,-0.9648146629333496,-1.0
472,2023-03-28,0.0,2.0,1.0,0.0,0.8922445476055145,0.8140133023262024,3.0,-1.784489095211029,-1.0
473,2023-04-19,0.0,1.0,1.0,0.0,0.9588567614555359,0.9492048025131226,2.0,-0.9588567614555359,-1.0
474,2023-04-21,0.0,3.0,0.0,0.0,0.979320247968038,0.0,3.0,-2.9379607439041138,-1.0
475,2023-04-25,0.0,3.0,0.0,0.0,0.857395072778066,0.0,3.0,-2.572185218334198,-1.0
476,2023-05-01,0.0,2.0,1.0,0.0,0.7843791544437408,0.8864303827285767,3.0,-1.5687583088874817,-1.0
477,2023-05-03,0.0,1.0,1.0,0.0,0.8742022514343262,0.7079905867576599,2.0,-0.8742022514343262,-1.0
478,2023-05-06,0.0,1.0,0.0,0.0,0.8320136666297913,0.0,1.0,-0.8320136666297913,-1.0
479,2023-05-08,0.0,4.0,2.0,0.0,0.9479215294122696,0.6038009226322174,6.0,-3.7916861176490784,-1.0
480,2023-05-17,0.0,1.0,1.0,0.0,0.6068904399871826,0.715367317199707,2.0,-0.6068904399871826,-1.0
481,2023-05-18,0.0,2.0,0.0,0.0,0.8773556351661682,0.0,2.0,-1.7547112703323364,-1.0
482,2023-05-22,0.0,2.0,0.0,0.0,0.9411952495574951,0.0,2.0,-1.8823904991149902,-1.0
483,2023-06-02,0.0,1.0,2.0,0.0,0.8911163210868835,0.9571695923805237,3.0,-0.8911163210868835,-1.0
484,2023-06-05,0.0,2.0,0.0,0.0,0.9802389740943909,0.0,2.0,-1.9604779481887817,-1.0
485,2023-06-06,0.0,5.0,1.0,0.0,0.9617467284202575,0.47807157039642334,6.0,-4.808733642101288,-1.0
486,2023-06-11,0.0,1.0,1.0,0.0,0.7026616930961609,0.9296613931655884,2.0,-0.7026616930961609,-1.0
487,2023-06-12,0.0,1.0,2.0,0.0,0.8156999945640564,0.8483225703239441,3.0,-0.8156999945640564,-1.0
488,2023-06-15,0.0,2.0,5.0,0.0,0.8593718111515045,0.8246729969978333,7.0,-1.718743622303009,-1.0
489,2023-06-30,0.0,1.0,1.0,0.0,0.8040602803230286,0.6161959171295166,2.0,-0.8040602803230286,-1.0
490,2023-07-17,0.0,1.0,0.0,0.0,0.6398730874061584,0.0,1.0,-0.6398730874061584,-1.0
491,2023-07-24,0.0,1.0,0.0,0.0,0.8368661999702454,0.0,1.0,-0.8368661999702454,-1.0
492,2023-08-01,0.0,2.0,0.0,0.0,0.8846244215965271,0.0,2.0,-1.7692488431930542,-1.0
493,2023-08-12,0.0,1.0,0.0,0.0,0.8249850273132324,0.0,1.0,-0.8249850273132324,-1.0
494,2023-08-17,0.0,1.0,0.0,0.0,0.9172136783599854,0.0,1.0,-0.9172136783599854,-1.0
495,2023-08-18,0.0,2.0,0.0,0.0,0.9626231491565704,0.0,2.0,-1.9252462983131409,-1.0
496,2023-09-05,0.0,1.0,1.0,0.0,0.9804185032844543,0.8900161981582642,2.0,-0.9804185032844543,-1.0
497,2023-09-10,0.0,1.0,0.0,0.0,0.9425323009490967,0.0,1.0,-0.9425323009490967,-1.0
498,2023-10-03,0.0,1.0,0.0,0.0,0.7933242321014404,0.0,1.0,-0.7933242321014404,-1.0
499,2023-11-06,0.0,1.0,0.0,0.0,0.6203483939170837,0.0,1.0,-0.6203483939170837,-1.0
500,2023-11-17,0.0,1.0,0.0,0.0,0.7329332828521729,0.0,1.0,-0.7329332828521729,-1.0
501,2023-11-22,0.0,2.0,1.0,0.0,0.907625675201416,0.9181737303733826,3.0,-1.815251350402832,-1.0
502,2023-11-25,0.0,1.0,1.0,0.0,0.7663186192512512,0.7416232228279114,2.0,-0.7663186192512512,-1.0
503,2023-11-26,0.0,1.0,0.0,0.0,0.5409204363822937,0.0,1.0,-0.5409204363822937,-1.0
504,2023-11-28,0.0,1.0,0.0,0.0,0.7696850895881653,0.0,1.0,-0.7696850895881653,-1.0
505,2023-12-21,0.0,1.0,1.0,0.0,0.80348140001297,0.8099240660667419,2.0,-0.80348140001297,-1.0
506,2023-12-30,0.0,1.0,0.0,0.0,0.7461515665054321,0.0,1.0,-0.7461515665054321,-1.0
507,2024-01-13,0.0,1.0,1.0,0.0,0.9350882768630981,0.6995776295661926,2.0,-0.9350882768630981,-1.0
508,2024-01-15,0.0,1.0,0.0,0.0,0.874725341796875,0.0,1.0,-0.874725341796875,-1.0
509,2024-01-18,0.0,1.0,2.0,0.0,0.9189532995223999,0.6949832141399384,3.0,-0.9189532995223999,-1.0
510,2024-01-23,0.0,2.0,2.0,0.0,0.9667257964611053,0.960966169834137,4.0,-1.9334515929222107,-1.0
511,2024-02-21,0.0,1.0,2.0,0.0,0.9419593811035156,0.9473553597927094,3.0,-0.9419593811035156,-1.0
