date,signal
2021-04-11,0.1376630992475508
2021-04-12,0.12070094933627443
2021-04-13,0.10373879942499807
2021-04-14,0.08677664951372172
2021-04-15,0.06981449960244535
2021-04-16,0.052852349691168976
2021-04-17,0.03589019977989262
2021-04-18,0.01892804986861625
2021-04-19,0.03370198559459798
2021-04-20,0.04847592132057971
2021-04-21,0.06324985704656144
2021-04-22,0.07802379277254318
2021-04-23,0.0927977284985249
2021-04-24,0.10757166422450663
2021-04-25,0.12234559995048835
2021-04-26,0.11988929303460492
2021-04-27,0.11743298611872148
2021-04-28,0.11497667920283805
2021-04-29,0.11252037228695462
2021-04-30,0.11006406537107119
2021-05-01,0.10760775845518775
2021-05-02,0.10515145153930432
2021-05-03,0.10220467043719852
2021-05-04,0.09925788933509273
2021-05-05,0.09631110823298694
2021-05-06,0.09336432713088116
2021-05-07,0.09041754602877537
2021-05-08,0.08747076492666958
2021-05-09,0.08452398382456379
2021-05-10,0.0707839985621046
2021-05-11,0.057044013299645424
2021-05-12,0.043304028037186235
2021-05-13,0.029564042774727052
2021-05-14,0.01582405751226787
2021-05-15,0.00208407224980868
2021-05-16,-0.011655913012650496
2021-05-17,0.005940339683915077
2021-05-18,0.02353659238048065
2021-05-19,0.04113284507704622
2021-05-20,0.058729097773611794
2021-05-21,0.07632535047017737
2021-05-22,0.09392160316674293
2021-05-23,0.11151785586330851
2021-05-24,0.11921874102230479
2021-05-25,0.12691962618130107
2021-05-26,0.13462051134029734
2021-05-27,0.1423213964992936
2021-05-28,0.15002228165828987
2021-05-29,0.15772316681728615
2021-05-30,0.16542405197628243
2021-05-31,0.156810771796418
2021-06-01,0.14819749161655357
2021-06-02,0.13958421143668914
2021-06-03,0.1309709312568247
2021-06-04,0.12235765107696027
2021-06-05,0.11374437089709584
2021-06-06,0.10513109071723141
2021-06-07,0.10365586449532331
2021-06-08,0.10218063827341521
2021-06-09,0.10070541205150711
2021-06-10,0.09923018582959903
2021-06-11,0.09775495960769093
2021-06-12,0.09627973338578283
2021-06-13,0.09480450716387473
2021-06-14,0.08453461990206713
2021-06-15,0.07426473264025953
2021-06-16,0.06399484537845193
2021-06-17,0.05372495811664433
2021-06-18,0.04345507085483673
2021-06-19,0.033185183593029126
2021-06-20,0.022915296331221524
2021-06-21,0.007253584628948154
2021-06-22,-0.008408127073325215
2021-06-23,-0.02406983877559858
2021-06-24,-0.039731550477871955
2021-06-25,-0.055393262180145314
2021-06-26,-0.07105497388241869
2021-06-27,-0.08671668558469206
2021-06-28,-0.09844861656588755
2021-06-29,-0.11018054754708302
2021-06-30,-0.12191247852827851
2021-07-01,-0.13364440950947398
2021-07-02,-0.14537634049066947
2021-07-03,-0.15710827147186496
2021-07-04,-0.16884020245306045
2021-07-05,-0.1627501826653181
2021-07-06,-0.15666016287757575
2021-07-07,-0.1505701430898334
2021-07-08,-0.14448012330209103
2021-07-09,-0.1383901035143487
2021-07-10,-0.13230008372660634
2021-07-11,-0.126210063938864
2021-07-12,-0.13971639320366983
2021-07-13,-0.15322272246847565
2021-07-14,-0.16672905173328148
2021-07-15,-0.1802353809980873
2021-07-16,-0.19374171026289314
2021-07-17,-0.20724803952769896
2021-07-18,-0.2207543687925048
2021-07-19,-0.19442180497556985
2021-07-20,-0.1680892411586349
2021-07-21,-0.1417566773417
2021-07-22,-0.11542411352476505
2021-07-23,-0.08909154970783012
2021-07-24,-0.06275898589089518
2021-07-25,-0.03642642207396025
2021-07-26,-0.03076079348341297
2021-07-27,-0.025095164892865694
2021-07-28,-0.019429536302318418
2021-07-29,-0.01376390771177114
2021-07-30,-0.00809827912122386
2021-07-31,-0.0024326505306765875
2021-08-01,0.0032329780598706896
2021-08-02,0.0039548596018497825
2021-08-03,0.004676741143828875
2021-08-04,0.005398622685807968
2021-08-05,0.006120504227787061
2021-08-06,0.006842385769766153
2021-08-07,0.0075642673117452455
2021-08-08,0.008286148853724338
2021-08-09,0.004005781681607278
2021-08-10,-0.00027458549050978116
2021-08-11,-0.00455495266262684
2021-08-12,-0.0088353198347439
2021-08-13,-0.01311568700686096
2021-08-14,-0.017396054178978018
2021-08-15,-0.021676421351095078
2021-08-16,-0.021460493033077104
2021-08-17,-0.02124456471505913
2021-08-18,-0.021028636397041157
2021-08-19,-0.020812708079023183
2021-08-20,-0.02059677976100521
2021-08-21,-0.020380851442987236
2021-08-22,-0.020164923124969262
2021-08-23,-0.038636347755166625
2021-08-24,-0.05710777238536399
2021-08-25,-0.07557919701556136
2021-08-26,-0.09405062164575871
2021-08-27,-0.11252204627595608
2021-08-28,-0.13099347090615346
2021-08-29,-0.1494648955363508
2021-08-30,-0.12069381673008014
2021-08-31,-0.09192273792380948
2021-09-01,-0.0631516591175388
2021-09-02,-0.03438058031126813
2021-09-03,-0.0056095015049974495
2021-09-04,0.023161577301273217
2021-09-05,0.051932656107543884
2021-09-06,0.015448507177910867
2021-09-07,-0.02103564175172215
2021-09-08,-0.05751979068135517
2021-09-09,-0.09400393961098819
2021-09-10,-0.1304880885406212
2021-09-11,-0.16697223747025422
2021-09-12,-0.2034563863998872
2021-09-13,-0.20165787870997434
2021-09-14,-0.19985937102006152
2021-09-15,-0.19806086333014866
2021-09-16,-0.1962623556402358
2021-09-17,-0.19446384795032295
2021-09-18,-0.19266534026041013
2021-09-19,-0.19086683257049727
2021-09-20,-0.1758018497753407
2021-09-21,-0.16073686698018408
2021-09-22,-0.14567188418502747
2021-09-23,-0.13060690138987088
2021-09-24,-0.11554191859471429
2021-09-25,-0.10047693579955769
2021-09-26,-0.08541195300440109
2021-09-27,-0.08599420985199872
2021-09-28,-0.08657646669959634
2021-09-29,-0.08715872354719398
2021-09-30,-0.0877409803947916
2021-10-01,-0.08832323724238923
2021-10-02,-0.08890549408998685
2021-10-03,-0.08948775093758449
2021-10-04,-0.061245148078070515
2021-10-05,-0.03300254521855654
2021-10-06,-0.004759942359042563
2021-10-07,0.023482660500471403
2021-10-08,0.05172526335998537
2021-10-09,0.07996786621949936
2021-10-10,0.10821046907901333
2021-10-11,0.10137766229415913
2021-10-12,0.09454485550930493
2021-10-13,0.08771204872445074
2021-10-14,0.08087924193959653
2021-10-15,0.07404643515474234
2021-10-16,0.06721362836988815
2021-10-17,0.060380821585033946
2021-10-18,0.06160830812699083
2021-10-19,0.0628357946689477
2021-10-20,0.06406328121090459
2021-10-21,0.06529076775286147
2021-10-22,0.06651825429481834
2021-10-23,0.06774574083677522
2021-10-24,0.0689732273787321
2021-10-25,0.07077585800398797
2021-10-26,0.07257848862924385
2021-10-27,0.07438111925449972
2021-10-28,0.07618374987975558
2021-10-29,0.07798638050501146
2021-10-30,0.07978901113026733
2021-10-31,0.0815916417555232
2021-11-01,0.0766551484819842
2021-11-02,0.07171865520844518
2021-11-03,0.06678216193490617
2021-11-04,0.06184566866136716
2021-11-05,0.05690917538782815
2021-11-06,0.05197268211428914
2021-11-07,0.04703618884075012
2021-11-08,0.043255601541180314
2021-11-09,0.03947501424161051
2021-11-10,0.03569442694204071
2021-11-11,0.0319138396424709
2021-11-12,0.028133252342901097
2021-11-13,0.024352665043331292
2021-11-14,0.020572077743761488
2021-11-15,0.03992521548442619
2021-11-16,0.05927835322509088
2021-11-17,0.07863149096575558
2021-11-18,0.09798462870642029
2021-11-19,0.11733776644708499
2021-11-20,0.13669090418774968
2021-11-21,0.1560440419284144
2021-11-22,0.1502286081293043
2021-11-23,0.14441317433019418
2021-11-24,0.1385977405310841
2021-11-25,0.132782306731974
2021-11-26,0.12696687293286388
2021-11-27,0.12115143913375379
2021-11-28,0.11533600533464368
2021-11-29,0.10667900478942476
2021-11-30,0.09802200424420583
2021-12-01,0.08936500369898692
2021-12-02,0.080708003153768
2021-12-03,0.07205100260854908
2021-12-04,0.06339400206333015
2021-12-05,0.054737001518111235
2021-12-06,0.03691454829832229
2021-12-07,0.019092095078533336
2021-12-08,0.00126964185874439
2021-12-09,-0.016552811361044563
2021-12-10,-0.034375264580833516
2021-12-11,-0.052197717800622455
2021-12-12,-0.0700201710204114
2021-12-13,-0.05415553701681146
2021-12-14,-0.03829090301321152
2021-12-15,-0.022426269009611588
2021-12-16,-0.006561635006011646
2021-12-17,0.009302998997588283
2021-12-18,0.025167633001188225
2021-12-19,0.041032267004788174
2021-12-20,0.030362562765101846
2021-12-21,0.019692858525415514
2021-12-22,0.009023154285729189
2021-12-23,-0.0016465499539571465
2021-12-24,-0.012316254193643475
2021-12-25,-0.022985958433329796
2021-12-26,-0.03365566267301613
2021-12-27,-0.017036438962582324
2021-12-28,-0.0004172152521485159
2021-12-29,0.01620200845828529
2021-12-30,0.0328212321687191
2021-12-31,0.0494404558791529
2022-01-01,0.06605967958958671
2022-01-02,0.08267890330002052
2022-01-03,0.0749888302288891
2022-01-04,0.06729875715775767
2022-01-05,0.059608684086626236
2022-01-06,0.0519186110154948
2022-01-07,0.04422853794436338
2022-01-08,0.03653846487323195
2022-01-09,0.02884839180210052
2022-01-10,0.026718201104719234
2022-01-11,0.02458801040733795
2022-01-12,0.022457819709956663
2022-01-13,0.020327629012575378
2022-01-14,0.018197438315194093
2022-01-15,0.016067247617812808
2022-01-16,0.013937056920431524
2022-01-17,0.01861126691458748
2022-01-18,0.023285476908743434
2022-01-19,0.027959686902899388
2022-01-20,0.03263389689705534
2022-01-21,0.0373081068912113
2022-01-22,0.04198231688536725
2022-01-23,0.04665652687952321
2022-01-24,0.05079427475720401
2022-01-25,0.05493202263488481
2022-01-26,0.05906977051256561
2022-01-27,0.06320751839024641
2022-01-28,0.06734526626792721
2022-01-29,0.07148301414560801
2022-01-30,0.07562076202328881
2022-01-31,0.08061854280440989
2022-02-01,0.08561632358553097
2022-02-02,0.09061410436665204
2022-02-03,0.09561188514777313
2022-02-04,0.10060966592889421
2022-02-05,0.10560744671001529
2022-02-06,0.11060522749113637
2022-02-07,0.08563674813493635
2022-02-08,0.06066826877873632
2022-02-09,0.03569978942253629
2022-02-10,0.010731310066336278
2022-02-11,-0.014237169289863752
2022-02-12,-0.03920564864606378
2022-02-13,-0.0641741280022638
2022-02-14,-0.05820006327772699
2022-02-15,-0.052225998553190184
2022-02-16,-0.04625193382865338
2022-02-17,-0.04027786910411658
2022-02-18,-0.03430380437957977
2022-02-19,-0.028329739655042964
2022-02-20,-0.022355674930506157
2022-02-21,-0.01659940274038349
2022-02-22,-0.01084313055026082
2022-02-23,-0.005086858360138152
2022-02-24,0.0006694138299845158
2022-02-25,0.006425686020107187
2022-02-26,0.012181958210229854
2022-02-27,0.017938230400352525
2022-02-28,0.00858062494232133
2022-03-01,-0.0007769805157098637
2022-03-02,-0.010134585973741062
2022-03-03,-0.019492191431772252
2022-03-04,-0.028849796889803454
2022-03-05,-0.03820740234783465
2022-03-06,-0.04756500780586584
2022-03-07,-0.058353781227020896
2022-03-08,-0.06914255464817595
2022-03-09,-0.07993132806933101
2022-03-10,-0.09072010149048608
2022-03-11,-0.10150887491164114
2022-03-12,-0.1122976483327962
2022-03-13,-0.12308642175395126
2022-03-14,-0.11734353788864833
2022-03-15,-0.11160065402334542
2022-03-16,-0.10585777015804249
2022-03-17,-0.10011488629273957
2022-03-18,-0.09437200242743664
2022-03-19,-0.08862911856213371
2022-03-20,-0.08288623469683079
2022-03-21,-0.07860393742722874
2022-03-22,-0.07432164015762668
2022-03-23,-0.07003934288802462
2022-03-24,-0.06575704561842256
2022-03-25,-0.06147474834882051
2022-03-26,-0.057192451079218457
2022-03-27,-0.052910153809616396
2022-03-28,-0.0618916975752065
2022-03-29,-0.0708732413407966
2022-03-30,-0.07985478510638672
2022-03-31,-0.08883632887197682
2022-04-01,-0.09781787263756692
2022-04-02,-0.10679941640315702
2022-04-03,-0.11578096016874713
2022-04-04,-0.11488391887982823
2022-04-05,-0.11398687759090932
2022-04-06,-0.11308983630199042
2022-04-07,-0.11219279501307153
2022-04-08,-0.11129575372415262
2022-04-09,-0.11039871243523372
2022-04-10,-0.10950167114631482
2022-04-11,-0.10113454692917176
2022-04-12,-0.0927674227120287
2022-04-13,-0.08440029849488563
2022-04-14,-0.07603317427774257
2022-04-15,-0.06766605006059952
2022-04-16,-0.05929892584345645
2022-04-17,-0.050931801626313396
2022-04-18,-0.06005043705477548
2022-04-19,-0.06916907248323756
2022-04-20,-0.07828770791169964
2022-04-21,-0.08740634334016173
2022-04-22,-0.09652497876862381
2022-04-23,-0.1056436141970859
2022-04-24,-0.114762249625548
2022-04-25,-0.12125924698743525
2022-04-26,-0.12775624434932248
2022-04-27,-0.13425324171120973
2022-04-28,-0.14075023907309697
2022-04-29,-0.14724723643498422
2022-04-30,-0.15374423379687147
2022-05-01,-0.1602412311587587
2022-05-02,-0.1328773476671199
2022-05-03,-0.10551346417548106
2022-05-04,-0.07814958068384223
2022-05-05,-0.05078569719220341
2022-05-06,-0.023421813700564592
2022-05-07,0.003942069791074254
2022-05-08,0.031305953282713087
2022-05-09,0.018722786019826698
2022-05-10,0.0061396187569403085
2022-05-11,-0.006443548505946077
2022-05-12,-0.01902671576883247
2022-05-13,-0.031609883031718855
2022-05-14,-0.04419305029460524
2022-05-15,-0.05677621755749165
2022-05-16,-0.06448716133099232
2022-05-17,-0.07219810510449298
2022-05-18,-0.07990904887799365
2022-05-19,-0.08761999265149431
2022-05-20,-0.09533093642499497
2022-05-21,-0.10304188019849564
2022-05-22,-0.1107528239719963
2022-05-23,-0.10292530354213128
2022-05-24,-0.09509778311226627
2022-05-25,-0.08727026268240125
2022-05-26,-0.07944274225253622
2022-05-27,-0.07161522182267122
2022-05-28,-0.06378770139280619
2022-05-29,-0.05596018096294117
2022-05-30,-0.06012867624824249
2022-05-31,-0.0642971715335438
2022-06-01,-0.06846566681884513
2022-06-02,-0.07263416210414644
2022-06-03,-0.07680265738944776
2022-06-04,-0.08097115267474908
2022-06-05,-0.0851396479600504
2022-06-06,-0.0705079244830252
2022-06-07,-0.055876201006
2022-06-08,-0.0412444775289748
2022-06-09,-0.0266127540519496
2022-06-10,-0.011981030574924403
2022-06-11,0.002650692902100793
2022-06-12,0.017282416379125986
2022-06-13,0.003989087472249785
2022-06-14,-0.009304241434626416
2022-06-15,-0.02259757034150262
2022-06-16,-0.03589089924837882
2022-06-17,-0.049184228155255014
2022-06-18,-0.06247755706213122
2022-06-19,-0.07577088596900741
2022-06-20,-0.07091995613978765
2022-06-21,-0.0660690263105679
2022-06-22,-0.061218096481348135
2022-06-23,-0.056367166652128375
2022-06-24,-0.05151623682290861
2022-06-25,-0.04666530699368886
2022-06-26,-0.04181437716446909
2022-06-27,-0.0425126709509796
2022-06-28,-0.04321096473749011
2022-06-29,-0.04390925852400062
2022-06-30,-0.044607552310511125
2022-07-01,-0.04530584609702164
2022-07-02,-0.04600413988353214
2022-07-03,-0.046702433670042655
2022-07-04,-0.05321500771978155
2022-07-05,-0.059727581769520435
2022-07-06,-0.06624015581925932
2022-07-07,-0.07275272986899822
2022-07-08,-0.07926530391873712
2022-07-09,-0.085777877968476
2022-07-10,-0.0922904520182149
2022-07-11,-0.09668151339565359
2022-07-12,-0.10107257477309227
2022-07-13,-0.10546363615053096
2022-07-14,-0.10985469752796964
2022-07-15,-0.11424575890540833
2022-07-16,-0.11863682028284703
2022-07-17,-0.1230278816602857
2022-07-18,-0.11111874243388029
2022-07-19,-0.09920960320747486
2022-07-20,-0.08730046398106944
2022-07-21,-0.07539132475466404
2022-07-22,-0.0634821855282586
2022-07-23,-0.05157304630185318
2022-07-24,-0.03966390707544776
2022-07-25,-0.04400061742333551
2022-07-26,-0.048337327771223265
2022-07-27,-0.05267403811911102
2022-07-28,-0.05701074846699877
2022-07-29,-0.06134745881488653
2022-07-30,-0.06568416916277428
2022-07-31,-0.07002087951066203
2022-08-01,-0.06465259813469643
2022-08-02,-0.05928431675873082
2022-08-03,-0.05391603538276521
2022-08-04,-0.0485477540067996
2022-08-05,-0.04317947263083399
2022-08-06,-0.03781119125486838
2022-08-07,-0.03244290987890277
2022-08-08,-0.042510592957600325
2022-08-09,-0.05257827603629789
2022-08-10,-0.06264595911499544
2022-08-11,-0.072713642193693
2022-08-12,-0.08278132527239056
2022-08-13,-0.09284900835108811
2022-08-14,-0.10291669142978568
2022-08-15,-0.09039346702691532
2022-08-16,-0.07787024262404496
2022-08-17,-0.06534701822117459
2022-08-18,-0.052823793818304224
2022-08-19,-0.04030056941543386
2022-08-20,-0.0277773450125635
2022-08-21,-0.015254120609693146
2022-08-22,-0.01972979079545024
2022-08-23,-0.024205460981207336
2022-08-24,-0.028681131166964434
2022-08-25,-0.033156801352721525
2022-08-26,-0.037632471538478623
2022-08-27,-0.042108141724235715
2022-08-28,-0.04658381190999281
2022-08-29,-0.03639092978350142
2022-08-30,-0.026198047657010025
2022-08-31,-0.01600516553051863
2022-09-01,-0.005812283404027237
2022-09-02,0.004380598722464157
2022-09-03,0.014573480848955551
2022-09-04,0.02476636297544695
2022-09-05,0.02010442588057979
2022-09-06,0.015442488785712628
2022-09-07,0.010780551690845467
2022-09-08,0.006118614595978306
2022-09-09,0.0014566775011111456
2022-09-10,-0.003205259593756015
2022-09-11,-0.007867196688623177
2022-09-12,-0.01255315207515188
2022-09-13,-0.017239107461680583
2022-09-14,-0.021925062848209283
2022-09-15,-0.026611018234737986
2022-09-16,-0.03129697362126669
2022-09-17,-0.03598292900779539
2022-09-18,-0.0406688843943241
2022-09-19,-0.0469639581117914
2022-09-20,-0.05325903182925871
2022-09-21,-0.05955410554672601
2022-09-22,-0.06584917926419331
2022-09-23,-0.07214425298166062
2022-09-24,-0.07843932669912793
2022-09-25,-0.08473440041659523
2022-09-26,-0.07166964982547402
2022-09-27,-0.0586048992343528
2022-09-28,-0.045540148643231596
2022-09-29,-0.03247539805211038
2022-09-30,-0.019410647460989167
2022-10-01,-0.006345896869867959
2022-10-02,0.006718853721253268
2022-10-03,0.0013942996003900093
2022-10-04,-0.00393025452047325
2022-10-05,-0.009254808641336508
2022-10-06,-0.014579362762199767
2022-10-07,-0.019903916883063026
2022-10-08,-0.025228471003926285
2022-10-09,-0.030553025124789548
2022-10-10,-0.045433311332575776
2022-10-11,-0.060313597540362
2022-10-12,-0.07519388374814823
2022-10-13,-0.09007416995593445
2022-10-14,-0.10495445616372068
2022-10-15,-0.1198347423715069
2022-10-16,-0.13471502857929313
2022-10-17,-0.132352090502132
2022-10-18,-0.1299891524249709
2022-10-19,-0.1276262143478098
2022-10-20,-0.12526327627064868
2022-10-21,-0.12290033819348756
2022-10-22,-0.12053740011632645
2022-10-23,-0.11817446203916533
2022-10-24,-0.1161106498017172
2022-10-25,-0.11404683756426909
2022-10-26,-0.11198302532682096
2022-10-27,-0.10991921308937284
2022-10-28,-0.10785540085192472
2022-10-29,-0.1057915886144766
2022-10-30,-0.10372777637702847
2022-10-31,-0.08805857945528879
2022-11-01,-0.07238938253354911
2022-11-02,-0.05672018561180943
2022-11-03,-0.04105098869006975
2022-11-04,-0.025381791768330067
2022-11-05,-0.009712594846590386
2022-11-06,0.005956602075149312
2022-11-07,0.0038782892242130067
2022-11-08,0.0017999763732767012
2022-11-09,-0.00027833647765960427
2022-11-10,-0.0023566493285959098
2022-11-11,-0.004434962179532216
2022-11-12,-0.006513275030468521
2022-11-13,-0.008591587881404827
2022-11-14,-0.011998915863688406
2022-11-15,-0.015406243845971987
2022-11-16,-0.018813571828255566
2022-11-17,-0.022220899810539145
2022-11-18,-0.02562822779282272
2022-11-19,-0.029035555775106303
2022-11-20,-0.032442883757389886
2022-11-21,-0.03186050400815898
2022-11-22,-0.03127812425892808
2022-11-23,-0.030695744509697174
2022-11-24,-0.030113364760466266
2022-11-25,-0.029530985011235363
2022-11-26,-0.02894860526200446
2022-11-27,-0.028366225512773555
2022-11-28,-0.03709219244275823
2022-11-29,-0.0458181593727429
2022-11-30,-0.054544126302727584
2022-12-01,-0.06327009323271227
2022-12-02,-0.07199606016269694
2022-12-03,-0.08072202709268161
2022-12-04,-0.08944799402266629
2022-12-05,-0.07980434224174059
2022-12-06,-0.07016069046081488
2022-12-07,-0.06051703867988917
2022-12-08,-0.050873386898963466
2022-12-09,-0.041229735118037764
2022-12-10,-0.031586083337112054
2022-12-11,-0.021942431556186342
2022-12-12,-0.03825891222008413
2022-12-13,-0.054575392883981916
2022-12-14,-0.07089187354787971
2022-12-15,-0.0872083542117775
2022-12-16,-0.10352483487567529
2022-12-17,-0.11984131553957308
2022-12-18,-0.13615779620347088
2022-12-19,-0.07965868315331313
2022-12-20,-0.02315957010315539
2022-12-21,0.03333954294700234
2022-12-22,0.0898386559971601
2022-12-23,0.14633776904731785
2022-12-24,0.20283688209747555
2022-12-25,0.25933599514763334
2022-12-26,0.2640598370325201
2022-12-27,0.2687836789174069
2022-12-28,0.2735075208022937
2022-12-29,0.2782313626871804
2022-12-30,0.2829552045720672
2022-12-31,0.28767904645695397
2023-01-01,0.29240288834184075
2023-01-02,0.24865467617707582
2023-01-03,0.20490646401231088
2023-01-04,0.16115825184754595
2023-01-05,0.11741003968278102
2023-01-06,0.07366182751801609
2023-01-07,0.029913615353251155
2023-01-08,-0.013834596811513783
2023-01-09,-0.027665016774701845
2023-01-10,-0.04149543673788991
2023-01-11,-0.05532585670107798
2023-01-12,-0.06915627666426603
2023-01-13,-0.0829866966274541
2023-01-14,-0.09681711659064217
2023-01-15,-0.11064753655383022
2023-01-16,-0.11166577429022703
2023-01-17,-0.11268401202662384
2023-01-18,-0.11370224976302065
2023-01-19,-0.11472048749941745
2023-01-20,-0.11573872523581426
2023-01-21,-0.11675696297221107
2023-01-22,-0.11777520070860788
2023-01-23,-0.08789250309717951
2023-01-24,-0.058009805485751145
2023-01-25,-0.02812710787432278
2023-01-26,0.0017555897371055867
2023-01-27,0.03163828734853395
2023-01-28,0.06152098495996232
2023-01-29,0.0914036825713907
2023-01-30,0.0866638351799636
2023-01-31,0.0819239877885365
2023-02-01,0.0771841403971094
2023-02-02,0.0724442930056823
2023-02-03,0.0677044456142552
2023-02-04,0.0629645982228281
2023-02-05,0.058224750831400995
2023-02-06,0.06183167500966648
2023-02-07,0.06543859918793196
2023-02-08,0.06904552336619744
2023-02-09,0.07265244754446293
2023-02-10,0.07625937172272841
2023-02-11,0.0798662959009939
2023-02-12,0.08347322007925938
2023-02-13,0.07852384770859143
2023-02-14,0.07357447533792348
2023-02-15,0.06862510296725553
2023-02-16,0.06367573059658758
2023-02-17,0.058726358225919637
2023-02-18,0.05377698585525169
2023-02-19,0.04882761348458374
2023-02-20,0.06273903276023844
2023-02-21,0.07665045203589316
2023-02-22,0.09056187131154786
2023-02-23,0.10447329058720256
2023-02-24,0.11838470986285728
2023-02-25,0.132296129138512
2023-02-26,0.1462075484141667
2023-02-27,0.12323732240281474
2023-02-28,0.10026709639146276
2023-03-01,0.07729687038011081
2023-03-02,0.054326644368758836
2023-03-03,0.03135641835740688
2023-03-04,0.008386192346054921
2023-03-05,-0.014584033665297058
2023-03-06,0.0020875487608266723
2023-03-07,0.018759131186950405
2023-03-08,0.035430713613074136
2023-03-09,0.052102296039197867
2023-03-10,0.06877387846532158
2023-03-11,0.08544546089144532
2023-03-12,0.10211704331756905
2023-03-13,0.09094311631298845
2023-03-14,0.07976918930840785
2023-03-15,0.06859526230382723
2023-03-16,0.05742133529924663
2023-03-17,0.046247408294666024
2023-03-18,0.03507348129008542
2023-03-19,0.023899554285504818
2023-03-20,0.032730027991783636
2023-03-21,0.041560501698062455
2023-03-22,0.05039097540434127
2023-03-23,0.0592214491106201
2023-03-24,0.06805192281689892
2023-03-25,0.07688239652317774
2023-03-26,0.08571287022945656
2023-03-27,0.08628668016428032
2023-03-28,0.08686049009910408
2023-03-29,0.08743430003392784
2023-03-30,0.08800810996875161
2023-03-31,0.08858191990357536
2023-04-01,0.08915572983839913
2023-04-02,0.08972953977322289
2023-04-03,0.0934190582060612
2023-04-04,0.0971085766388995
2023-04-05,0.10079809507173781
2023-04-06,0.10448761350457614
2023-04-07,0.10817713193741445
2023-04-08,0.11186665037025276
2023-04-09,0.11555616880309107
2023-04-10,0.11523323800727263
2023-04-11,0.11491030721145419
2023-04-12,0.11458737641563575
2023-04-13,0.1142644456198173
2023-04-14,0.11394151482399886
2023-04-15,0.11361858402818042
2023-04-16,0.11329565323236199
2023-04-17,0.09952627550900525
2023-04-18,0.08575689778564852
2023-04-19,0.07198752006229178
2023-04-20,0.05821814233893503
2023-04-21,0.0444487646155783
2023-04-22,0.030679386892221563
2023-04-23,0.01691000916886483
2023-04-24,0.02629128240519853
2023-04-25,0.03567255564153223
2023-04-26,0.04505382887786594
2023-04-27,0.054435102114199635
2023-04-28,0.06381637535053333
2023-04-29,0.07319764858686703
2023-04-30,0.08257892182320074
2023-05-01,0.0875007752145333
2023-05-02,0.09242262860586586
2023-05-03,0.09734448199719842
2023-05-04,0.10226633538853099
2023-05-05,0.10718818877986354
2023-05-06,0.1121100421711961
2023-05-07,0.11703189556252866
2023-05-08,0.09636746479341937
2023-05-09,0.07570303402431008
2023-05-10,0.05503860325520079
2023-05-11,0.034374172486091495
2023-05-12,0.013709741716982207
2023-05-13,-0.0069546890521270804
2023-05-14,-0.027619119821236392
2023-05-15,-0.03125133015781137
2023-05-16,-0.03488354049438634
2023-05-17,-0.038515750830961315
2023-05-18,-0.04214796116753629
2023-05-19,-0.04578017150411126
2023-05-20,-0.049412381840686234
2023-05-21,-0.05304459217726121
2023-05-22,-0.050369791902283814
2023-05-23,-0.04769499162730642
2023-05-24,-0.04502019135232903
2023-05-25,-0.042345391077351635
2023-05-26,-0.03967059080237425
2023-05-27,-0.036995790527396856
2023-05-28,-0.03432099025241946
2023-05-29,-0.0057746864237231375
2023-05-30,0.022771617404973188
2023-05-31,0.05131792123366951
2023-06-01,0.07986422506236585
2023-06-02,0.10841052889106215
2023-06-03,0.13695683271975848
2023-06-04,0.1655031365484548
2023-06-05,0.1435598608517546
2023-06-06,0.1216165851550544
2023-06-07,0.09967330945835419
2023-06-08,0.077730033761654
2023-06-09,0.055786758064953784
2023-06-10,0.033843482368253575
2023-06-11,0.011900206671553351
2023-06-12,0.01939258224371942
2023-06-13,0.026884957815885492
2023-06-14,0.034377333388051566
2023-06-15,0.04186970896021763
2023-06-16,0.04936208453238371
2023-06-17,0.05685446010454978
2023-06-18,0.06434683567671586
2023-06-19,0.06647676312753492
2023-06-20,0.06860669057835399
2023-06-21,0.07073661802917305
2023-06-22,0.07286654547999213
2023-06-23,0.0749964729308112
2023-06-24,0.07712640038163027
2023-06-25,0.07925632783244933
2023-06-26,0.08128262396255183
2023-06-27,0.08330892009265432
2023-06-28,0.08533521622275682
2023-06-29,0.0873615123528593
2023-06-30,0.0893878084829618
2023-07-01,0.09141410461306429
2023-07-02,0.09344040074316678
2023-07-03,0.08655463946525098
2023-07-04,0.07966887818733516
2023-07-05,0.07278311690941935
2023-07-06,0.06589735563150353
2023-07-07,0.05901159435358773
2023-07-08,0.05212583307567192
2023-07-09,0.04524007179775611
2023-07-10,0.038791732072000935
2023-07-11,0.03234339234624575
2023-07-12,0.025895052620490577
2023-07-13,0.0194467128947354
2023-07-14,0.01299837316898022
2023-07-15,0.006550033443225044
2023-07-16,0.00010169371746986138
2023-07-17,0.01830753535510623
2023-07-18,0.0365133769927426
2023-07-19,0.054719218630378964
2023-07-20,0.07292506026801533
2023-07-21,0.0911309019056517
2023-07-22,0.10933674354328807
2023-07-23,0.12754258518092446
2023-07-24,0.12068461961101407
2023-07-25,0.11382665404110368
2023-07-26,0.10696868847119327
2023-07-27,0.10011072290128288
2023-07-28,0.09325275733137249
2023-07-29,0.08639479176146209
2023-07-30,0.0795368261915517
2023-07-31,0.07004284474320796
2023-08-01,0.06054886329486424
2023-08-02,0.0510548818465205
2023-08-03,0.041560900398176774
2023-08-04,0.032066918949833045
2023-08-05,0.022572937501489317
2023-08-06,0.013078956053145593
2023-08-07,0.023470792771186015
2023-08-08,0.03386262948922644
2023-08-09,0.04425446620726686
2023-08-10,0.05464630292530729
2023-08-11,0.0650381396433477
2023-08-12,0.07542997636138814
2023-08-13,0.08582181307942856
2023-08-14,0.0746549716473901
2023-08-15,0.06348813021535163
2023-08-16,0.05232128878331317
2023-08-17,0.04115444735127471
2023-08-18,0.029987605919236243
2023-08-19,0.018820764487197786
2023-08-20,0.007653923055159308
2023-08-21,0.017957485415917296
2023-08-22,0.028261047776675284
2023-08-23,0.03856461013743327
2023-08-24,0.04886817249819126
2023-08-25,0.05917173485894925
2023-08-26,0.06947529721970724
2023-08-27,0.07977885958046523
2023-08-28,0.06379570327499819
2023-08-29,0.04781254696953114
2023-08-30,0.031829390664064094
2023-08-31,0.015846234358597056
2023-09-01,-0.00013692194686999726
2023-09-02,-0.016120078252337036
2023-09-03,-0.03210323455780408
2023-09-04,-0.03250581783338278
2023-09-05,-0.03290840110896147
2023-09-06,-0.033310984384540165
2023-09-07,-0.033713567660118855
2023-09-08,-0.03411615093569755
2023-09-09,-0.03451873421127624
2023-09-10,-0.03492131748685494
2023-09-11,-0.030031498590880473
2023-09-12,-0.025141679694906008
2023-09-13,-0.020251860798931542
2023-09-14,-0.015362041902957077
2023-09-15,-0.010472223006982608
2023-09-16,-0.005582404111008143
2023-09-17,-0.0006925852150336787
2023-09-18,0.012871427013797647
2023-09-19,0.026435439242628974
2023-09-20,0.03999945147146029
2023-09-21,0.05356346370029162
2023-09-22,0.06712747592912295
2023-09-23,0.08069148815795427
2023-09-24,0.0942555003867856
2023-09-25,0.0746070949473579
2023-09-26,0.05495868950793022
2023-09-27,0.03531028406850253
2023-09-28,0.015661878629074838
2023-09-29,-0.0039865268103528445
2023-09-30,-0.02363493224978054
2023-10-01,-0.043283337689208216
2023-10-02,-0.0257515760133359
2023-10-03,-0.008219814337463584
2023-10-04,0.009311947338408733
2023-10-05,0.02684370901428105
2023-10-06,0.04437547069015336
2023-10-07,0.06190723236602568
2023-10-08,0.07943899404189801
2023-10-09,0.06177067307093463
2023-10-10,0.04410235209997126
2023-10-11,0.026434031129007884
2023-10-12,0.008765710158044504
2023-10-13,-0.008902610812918876
2023-10-14,-0.026570931783882243
2023-10-15,-0.04423925275484562
2023-10-16,-0.01719057693354107
2023-10-17,0.009858098887763483
2023-10-18,0.036906774709068044
2023-10-19,0.06395545053037259
2023-10-20,0.09100412635167714
2023-10-21,0.11805280217298171
2023-10-22,0.14510147799428624
2023-10-23,0.15507248204250285
2023-10-24,0.16504348609071945
2023-10-25,0.17501449013893605
2023-10-26,0.18498549418715265
2023-10-27,0.19495649823536926
2023-10-28,0.20492750228358586
2023-10-29,0.21489850633180246
2023-10-30,0.2027459888841531
2023-10-31,0.1905934714365037
2023-11-01,0.17844095398885435
2023-11-02,0.16628843654120495
2023-11-03,0.1541359190935556
2023-11-04,0.14198340164590623
2023-11-05,0.12983088419825684
2023-11-06,0.12511955148108378
2023-11-07,0.12040821876391074
2023-11-08,0.11569688604673768
2023-11-09,0.11098555332956463
2023-11-10,0.10627422061239158
2023-11-11,0.10156288789521853
2023-11-12,0.09685155517804547
2023-11-13,0.10242231838121976
2023-11-14,0.10799308158439405
2023-11-15,0.11356384478756833
2023-11-16,0.11913460799074262
2023-11-17,0.1247053711939169
2023-11-18,0.13027613439709118
2023-11-19,0.13584689760026547
2023-11-20,0.1299353961418438
2023-11-21,0.12402389468342215
2023-11-22,0.11811239322500047
2023-11-23,0.11220089176657881
2023-11-24,0.10628939030815715
2023-11-25,0.10037788884973549
2023-11-26,0.09446638739131383
2023-11-27,0.10925700551950904
2023-11-28,0.12404762364770425
2023-11-29,0.13883824177589946
2023-11-30,0.15362885990409467
2023-12-01,0.16841947803228988
2023-12-02,0.1832100961604851
2023-12-03,0.1980007142886803
2023-12-04,0.17125493982457687
2023-12-05,0.14450916536047348
2023-12-06,0.11776339089637006
2023-12-07,0.09101761643226663
2023-12-08,0.06427184196816321
2023-12-09,0.03752606750405982
2023-12-10,0.01078029303995641
2023-12-11,0.027006461941401636
2023-12-12,0.04323263084284686
2023-12-13,0.05945879974429209
2023-12-14,0.07568496864573732
2023-12-15,0.09191113754718254
2023-12-16,0.10813730644862778
2023-12-17,0.124363475350073
2023-12-18,0.13420385222234826
2023-12-19,0.14404422909462355
2023-12-20,0.15388460596689882
2023-12-21,0.16372498283917408
2023-12-22,0.17356535971144935
2023-12-23,0.1834057365837246
2023-12-24,0.1932461134559999
2023-12-25,0.16871731034130913
2023-12-26,0.14418850722661836
2023-12-27,0.11965970411192757
2023-12-28,0.09513090099723678
2023-12-29,0.07060209788254601
2023-12-30,0.04607329476785524
2023-12-31,0.021544491653164455
2024-01-01,0.05514383150257847
2024-01-02,0.08874317135199247
2024-01-03,0.12234251120140649
2024-01-04,0.1559418510508205
2024-01-05,0.18954119090023452
2024-01-06,0.22314053074964854
2024-01-07,0.25673987059906256
2024-01-08,0.22461233856379081
2024-01-09,0.19248480652851907
2024-01-10,0.16035727449324735
2024-01-11,0.1282297424579756
2024-01-12,0.0961022104227039
2024-01-13,0.06397467838743215
2024-01-14,0.03184714635216039
2024-01-15,0.04628107259651554
2024-01-16,0.060714998840870685
2024-01-17,0.07514892508522583
2024-01-18,0.08958285132958098
2024-01-19,0.10401677757393613
2024-01-20,0.11845070381829127
2024-01-21,0.13288463006264642
2024-01-22,0.11602483082670496
2024-01-23,0.09916503159076351
2024-01-24,0.08230523235482204
2024-01-25,0.06544543311888058
2024-01-26,0.048585633882939114
2024-01-27,0.03172583464699766
2024-01-28,0.014866035411056184
2024-01-29,0.029181086628546644
2024-01-30,0.043496137846037106
2024-01-31,0.057811189063527564
2024-02-01,0.07212624028101802
2024-02-02,0.08644129149850849
2024-02-03,0.10075634271599895
2024-02-04,0.11507139393348942
2024-02-05,0.11508997410008677
2024-02-06,0.11510855426668412
2024-02-07,0.11512713443328147
2024-02-08,0.11514571459987882
2024-02-09,0.11516429476647617
2024-02-10,0.11518287493307353
2024-02-11,0.11520145509967088
2024-02-12,0.10293668546987841
2024-02-13,0.09067191584008596
2024-02-14,0.07840714621029352
2024-02-15,0.06614237658050105
2024-02-16,0.0538776069507086
2024-02-17,0.04161283732091614
2024-02-18,0.02934806769112369
2024-02-19,0.053793946356353345
2024-02-20,0.078239825021583
2024-02-21,0.10268570368681265
2024-02-22,0.1271315823520423
2024-02-23,0.15157746101727199
2024-02-24,0.1760233396825016
2024-02-25,0.2004692183477313
2024-02-26,0.20151079146380657
2024-02-27,0.20255236457988182
2024-02-28,0.2035939376959571
2024-02-29,0.20463551081203235
2024-03-01,0.20567708392810763
2024-03-02,0.20671865704418288
2024-03-03,0.20776023016025816
2024-03-04,0.2101477972533345
2024-03-05,0.21253536434641082
2024-03-06,0.21492293143948715
2024-03-07,0.21731049853256346
2024-03-08,0.2196980656256398
2024-03-09,0.22208563271871612
2024-03-10,0.22447319981179245
2024-03-11,0.2263255234938043
2024-03-12,0.22817784717581616
2024-03-13,0.230030170857828
2024-03-14,0.23188249453983986
2024-03-15,0.23373481822185171
2024-03-16,0.23558714190386357
2024-03-17,0.23743946558587542
2024-03-18,0.22387374757339973
2024-03-19,0.21030802956092406
2024-03-20,0.1967423115484484
2024-03-21,0.1831765935359727
2024-03-22,0.16961087552349702
2024-03-23,0.15604515751102135
2024-03-24,0.14247943949854566
